author,author_type,url,location,deal_type,accommodation_type,suburban_type,price,year_of_construction,house_material_type,land_plot,land_plot_status,heating_type,gas_type,water_supply_type,sewage_system,bathroom,living_meters,floors_count,phone,district,underground,street,house_number,date
ЕГСН Продажа,real_estate_agent,https://zhukovsky.cian.ru/sale/suburban/292484862/,Жуковский,sale,suburban,house,5000000,-1,Кирпичный,15 сот.,-1,-1,-1,-1,-1,-1,45 м²,1,79166327154,,м. Кратово,3-я линия,,2024-04-22
ID 17210260,homeowner,https://zhukovsky.cian.ru/sale/suburban/296176079/,Жуковский,sale,suburban,house,18800000,2021,Газобетонный блок,"2,7 сот.",-1,-1,-1,-1,-1,-1,145 м²,2,79660643792,,м. Отдых,шоссе Туполевское,,2024-04-22
Владис Новый Город,real_estate_agent,https://zhukovsky.cian.ru/sale/suburban/300268961/,Жуковский,sale,suburban,house,7950000,2010,Газосиликатный блок,"1,3 сот.",-1,-1,-1,-1,-1,-1,"73,3 м²",2,79647961038,,м. Отдых,Кооперативная улица,,2024-04-22
Центральное,real_estate_agent,https://zhukovsky.cian.ru/sale/suburban/300876272/,Жуковский,sale,suburban,house,9497000,2023,Каркасный,"3,5 сот.",-1,-1,-1,-1,-1,-1,120 м²,2,79057159228,,м. Отдых,улица Фрунзе,,2024-04-22
Лариса Бойцова,realtor,https://zhukovsky.cian.ru/sale/suburban/301007146/,Жуковский,sale,suburban,house,5500000,-1,Деревянный,4 сот.,-1,-1,-1,-1,-1,-1,56 м²,2,79099574100,,м. Кратово,,,2024-04-22
ID 81769736,homeowner,https://zhukovsky.cian.ru/sale/suburban/300773580/,Жуковский,sale,suburban,house,6900000,-1,-1,"4,16 сот.",-1,-1,-1,-1,-1,-1,70 м²,-1,79164536932,,м. Отдых,,,2024-04-22
Центральное,real_estate_agent,https://zhukovsky.cian.ru/sale/suburban/288756699/,Жуковский,sale,suburban,house,11900000,2017,Блочный,"3,48 сот.",-1,-1,-1,-1,-1,-1,"142,5 м²",3,79057159228,,м. Кратово,,,2024-04-22
Юлия Бударина,realtor,https://zhukovsky.cian.ru/sale/suburban/299791680/,Жуковский,sale,suburban,house,16000000,2018,Пенобетонный блок,8 сот.,-1,-1,-1,-1,-1,-1,238 м²,3,79152109488,,м. Ильинская,,,2024-04-22
ID 67514873,homeowner,https://zhukovsky.cian.ru/sale/suburban/300796695/,Жуковский,sale,suburban,house,5950000,2013,Газобетонный блок,3 сот.,-1,-1,-1,-1,-1,-1,80 м²,2,79891804525,,м. Отдых,,,2024-04-22
Центральное,real_estate_agent,https://zhukovsky.cian.ru/sale/suburban/300995637/,Жуковский,sale,suburban,house,2649000,2010,Каркасный,3 сот.,-1,-1,-1,-1,-1,-1,"33,9 м²",2,79057159228,,м. Отдых,,,2024-04-22
ID 360347,realtor,https://zhukovsky.cian.ru/sale/suburban/300908177/,Жуковский,sale,suburban,house,6100000,-1,Щитовой,"4,23 сот.",-1,-1,-1,-1,-1,-1,40 м²,1,79150302435,,м. Ильинская,10-я линия,,2024-04-22
ID 103549219,homeowner,https://zhukovsky.cian.ru/sale/suburban/300095684/,Жуковский,sale,suburban,house,3000000,-1,Каркасный,"2,77 сот.",-1,-1,-1,-1,-1,-1,"32,3 м²",2,79623681125,,м. Отдых,,,2024-04-22
УЮТ,real_estate_agent,https://zhukovsky.cian.ru/sale/suburban/291149138/,Жуковский,sale,suburban,house,5000000,1997,Кирпичный,"3,27 сот.",-1,-1,-1,-1,-1,-1,92 м²,2,79647871054,,м. Ильинская,,,2024-04-22
Центральное,real_estate_agent,https://zhukovsky.cian.ru/sale/suburban/294108485/,Жуковский,sale,suburban,house,5997000,-1,Каркасный,"3,5 сот.",-1,-1,-1,-1,-1,-1,69 м²,2,79057159228,,м. Кратово,Кооперативная улица,2,2024-04-22
ID 27474895,homeowner,https://zhukovsky.cian.ru/sale/suburban/291247428/,Жуковский,sale,suburban,house,12490000,2023,-1,6 сот.,-1,-1,-1,-1,-1,-1,200 м²,2,79031083977,,м. Ильинская,,,2024-04-22
Leto Estate,real_estate_agent,https://zhukovsky.cian.ru/sale/suburban/292441868/,Жуковский,sale,suburban,house,49990000,-1,Газобетонный блок,7 сот.,-1,-1,-1,-1,-1,-1,500 м²,4,79169467721,,,,,2024-04-22
Центральное,real_estate_agent,https://zhukovsky.cian.ru/sale/suburban/296731831/,Жуковский,sale,suburban,house,7497000,2022,Каркасный,"3,8 сот.",-1,-1,-1,-1,-1,-1,110 м²,2,79057159228,,м. Кратово,,,2024-04-22
ID 12466324,realtor,https://zhukovsky.cian.ru/sale/suburban/288987137/,Жуковский,sale,suburban,house,8000000,2019,Газобетонный блок,8 сот.,-1,-1,-1,-1,-1,-1,250 м²,2,79645646486,,м. Кратово,улица Центральная,,2024-04-22
ID 13927937,realtor,https://zhukovsky.cian.ru/sale/suburban/296661117/,Жуковский,sale,suburban,house,8200000,2023,Каркасный,"5,5 сот.",-1,-1,-1,-1,-1,-1,62 м²,2,79168573868,,м. Отдых,Кооперативная улица,,2024-04-22
Полина Магриева,realtor,https://zhukovsky.cian.ru/sale/suburban/297762141/,Жуковский,sale,suburban,house,4900000,-1,Деревянный,"8,6 сот.",-1,-1,-1,-1,-1,-1,100 м²,2,79067150255,,м. Кратово,,,2024-04-22
ID 47567116,homeowner,https://zhukovsky.cian.ru/sale/suburban/299559045/,Жуковский,sale,suburban,house,22850000,2016,Газобетонный блок,6 сот.,-1,-1,-1,-1,-1,-1,150 м²,2,79167338321,,м. Отдых,улица Сиреневая,,2024-04-22
Этажи Москва,real_estate_agent,https://zhukovsky.cian.ru/sale/suburban/298544916/,Жуковский,sale,suburban,house,4500000,2022,Каркасный,6 сот.,-1,-1,-1,-1,-1,-1,82 м²,1,79645389015,,м. Кратово,,,2024-04-22
АвиаН-Недвижимость,real_estate_agent,https://zhukovsky.cian.ru/sale/suburban/286769060/,Жуковский,sale,suburban,house,8950000,2020,Каркасный,"7,5 сот.",-1,-1,-1,-1,-1,-1,100 м²,-1,79165722649,,,,,2024-04-22
ID 105031235,homeowner,https://zhukovsky.cian.ru/sale/suburban/300146369/,Жуковский,sale,suburban,house,6250000,2023,Деревянный,5 сот.,-1,-1,-1,-1,-1,-1,60 м²,1,79652177237,,м. Ильинская,улица Садовая,,2024-04-22
Владис Новый Город,real_estate_agent,https://zhukovsky.cian.ru/sale/suburban/300247925/,Жуковский,sale,suburban,house,22830000,2016,Газосиликатный блок,6 сот.,-1,-1,-1,-1,-1,-1,150 м²,2,79647961038,,м. Отдых,,,2024-04-22
ID 74995833,realtor,https://zhukovsky.cian.ru/sale/suburban/299247626/,Жуковский,sale,suburban,house,8500000,2010,Деревянный,6 сот.,-1,-1,-1,-1,-1,-1,57 м²,2,79647825564,,м. Кратово,,,2024-04-22
ID 130950,homeowner,https://zhukovsky.cian.ru/sale/suburban/293417681/,Жуковский,sale,suburban,house,8950000,2021,Газобетонный блок,10 сот.,-1,-1,-1,-1,-1,-1,120 м²,2,79165404319,,,,,2024-04-22
ID 61271897,unknown,https://zhukovsky.cian.ru/sale/suburban/298456099/,Жуковский,sale,suburban,house,6250000,2023,Каркасный,5 сот.,-1,-1,-1,-1,-1,-1,60 м²,1,79067802785,,м. Ильинская,улица Гризодубовой,,2024-04-22
Алексей Костин,realtor,https://zhukovsky.cian.ru/sale/suburban/299062530/,Жуковский,sale,suburban,house,15600000,2020,Газосиликатный блок,"8,8 сот.",-1,-1,-1,-1,-1,-1,150 м²,2,79661785793,,м. Кратово,,,2024-04-22
ID 81376998,unknown,https://zhukovsky.cian.ru/sale/suburban/287921129/,Жуковский,sale,suburban,house,17000000,2022,Пенобетонный блок,9 сот.,-1,-1,-1,-1,-1,-1,-1,2,79660640823,,м. Кратово,,,2024-04-22
ИП Шишкина М. Е.,real_estate_agent,https://zhukovsky.cian.ru/sale/suburban/284906782/,Жуковский,sale,suburban,house,16000000,-1,Кирпичный,10 сот.,-1,-1,-1,-1,-1,-1,360 м²,2,79660622686,,м. Удельная,улица Луговая,,2024-04-22
Наталья Кирьянова,realtor,https://zhukovsky.cian.ru/sale/suburban/299461866/,Жуковский,sale,suburban,house,9700000,2020,Газобетонный блок,6 сот.,-1,-1,-1,-1,-1,-1,100 м²,2,79660585284,,м. Ильинская,,,2024-04-22
ID 78927678,real_estate_agent,https://zhukovsky.cian.ru/sale/suburban/274719410/,Жуковский,sale,suburban,house,8300000,2017,Деревянный,6 сот.,-1,-1,-1,-1,-1,-1,130 м²,2,79654223641,,,,,2024-04-22
ОГРК,real_estate_agent,https://zhukovsky.cian.ru/sale/suburban/300184603/,Жуковский,sale,suburban,house,5700000,-1,Кирпичный,4 сот.,-1,-1,-1,-1,-1,-1,56 м²,2,79672089940,,м. Кратово,,,2024-04-22
Самолет Плюс Москва Дмитриевского,real_estate_agent,https://zhukovsky.cian.ru/sale/suburban/285472225/,Жуковский,sale,suburban,house,9850000,-1,-1,3 сот.,-1,-1,-1,-1,-1,-1,100 м²,2,79150047713,,м. Отдых,,,2024-04-22
ID 13023607,homeowner,https://zhukovsky.cian.ru/sale/suburban/293572524/,Жуковский,sale,suburban,house,9150000,2013,Деревянный,"11,59 сот.",-1,-1,-1,-1,-1,-1,111 м²,2,79660623822,,м. Кратово,улица Дачная,,2024-04-22
ID 63506633,homeowner,https://zhukovsky.cian.ru/sale/suburban/298705433/,Жуковский,sale,suburban,house,9950000,2023,Каркасный,10 сот.,-1,-1,-1,-1,-1,-1,60 м²,1,79168235519,,м. Отдых,улица Садовая,,2024-04-22
УСПЕХ,real_estate_agent,https://zhukovsky.cian.ru/sale/suburban/298940463/,Жуковский,sale,suburban,house,10000000,-1,-1,6 сот.,-1,-1,-1,-1,-1,-1,130 м²,1,79154389642,,м. Кратово,,,2024-04-22
ID 91121560,realtor,https://zhukovsky.cian.ru/sale/suburban/299838662/,Жуковский,sale,suburban,house,82900000,2020,Кирпичный,11 сот.,-1,-1,-1,-1,-1,-1,-1,4,79161104273,,м. Ильинская,4-я линия,,2024-04-22
Этажи Москва,real_estate_agent,https://zhukovsky.cian.ru/sale/suburban/300822147/,Жуковский,sale,suburban,house,6000000,2023,-1,"8,53 сот.",-1,-1,-1,-1,-1,-1,"179,2 м²",2,79660514074,,м. Кратово,,,2024-04-22
Владис Новый Город,real_estate_agent,https://zhukovsky.cian.ru/sale/suburban/300223063/,Жуковский,sale,suburban,house,19950000,2012,Газосиликатный блок,"6,3 сот.",-1,-1,-1,-1,-1,-1,125 м²,2,79647961038,,м. Отдых,Кооперативная улица,,2024-04-22
Владис Новый Город,real_estate_agent,https://zhukovsky.cian.ru/sale/suburban/295926129/,Жуковский,sale,suburban,house,9150000,2008,Каркасный,"11,6 сот.",-1,-1,-1,-1,-1,-1,111 м²,2,79647961038,,м. Кратово,,,2024-04-22
Ольга Глушанкова,realtor,https://zhukovsky.cian.ru/sale/suburban/299481011/,Жуковский,sale,suburban,house,5990000,2023,Газобетонный блок,"8,53 сот.",-1,-1,-1,-1,-1,-1,180 м²,2,79689322103,,м. Кратово,улица Наркомвод,,2024-04-22
ID 450596,homeowner,https://zhukovsky.cian.ru/sale/suburban/269255595/,Жуковский,sale,suburban,house,16000000,2018,Газосиликатный блок,4 сот.,-1,-1,-1,-1,-1,-1,-1,3,79680844249,,,,,2024-04-22
ID 17372405,homeowner,https://zhukovsky.cian.ru/sale/suburban/260248967/,Жуковский,sale,suburban,house,18000000,2015,Деревянный,5 сот.,-1,-1,-1,-1,-1,-1,100 м²,2,79654376010,,м. Ильинская,улица Королева,2,2024-04-22
ID 103503570,homeowner,https://zhukovsky.cian.ru/sale/suburban/292312466/,Жуковский,sale,suburban,house,12299000,2020,Деревянный,10 сот.,-1,-1,-1,-1,-1,-1,80 м²,2,79165557640,,м. Ильинская,улица Луговая,11,2024-04-22
ID 86610458,homeowner,https://zhukovsky.cian.ru/sale/suburban/296720001/,Жуковский,sale,suburban,house,9990000,-1,Газобетонный блок,6 сот.,-1,-1,-1,-1,-1,-1,130 м²,1,79850151816,,м. Кратово,улица Центральная,,2024-04-22
ID 36227093,homeowner,https://zhukovsky.cian.ru/sale/suburban/299736865/,Жуковский,sale,suburban,house,30400000,1995,Кирпичный,12 сот.,-1,-1,-1,-1,-1,-1,-1,4,79660482648,,м. Отдых,,,2024-04-22
ЦЕНТР НЕДВИЖИМОСТИ,real_estate_agent,https://zhukovsky.cian.ru/sale/suburban/287480375/,Жуковский,sale,suburban,house,4900000,-1,Кирпичный,"14,98 сот.",-1,-1,-1,-1,-1,-1,45 м²,2,79660159103,,м. Кратово,3-я линия,,2024-04-22
ID 83628586,homeowner,https://ramenskoye.cian.ru/sale/suburban/291137030/,Жуковский,sale,suburban,house,10500000,1970,Кирпичный,12 сот.,-1,-1,-1,-1,-1,-1,107 м²,2,79660590211,р-н Залинейный,м. Есенинская,улица Грибоедова,1,2024-04-22
Этажи Воскресенск-Раменское,real_estate_agent,https://ramenskoye.cian.ru/sale/suburban/299304247/,Жуковский,sale,suburban,house,7100000,1961,Деревянный,"5,2 сот.",-1,-1,-1,-1,-1,-1,72 м²,-1,79623628010,,,улица Береговая,,2024-04-22
Диана Жилина,realtor,https://ramenskoye.cian.ru/sale/suburban/299254556/,Жуковский,sale,suburban,house,11000000,-1,Кирпичный,10 сот.,-1,-1,-1,-1,-1,-1,118 м²,3,79853602941,,,улица Горячева,26,2024-04-22
Наталья Чернова,realtor,https://zhukovsky.cian.ru/sale/suburban/300340197/,Жуковский,sale,suburban,land-plot,11000000,-1,-1,-1,Садоводство,-1,-1,-1,-1,-1,-1,-1,79651075382,,м. Отдых,,,2024-04-22
ID 81516396,homeowner,https://zhukovsky.cian.ru/sale/suburban/299431636/,Жуковский,sale,suburban,land-plot,2790000,-1,-1,-1,Садоводство,-1,-1,-1,-1,-1,-1,-1,79031254409,,м. Кратово,,,2024-04-22
Юлия Трифонова,realtor,https://zhukovsky.cian.ru/sale/suburban/300140047/,Жуковский,sale,suburban,land-plot,4000000,-1,-1,-1,Садоводство,-1,-1,-1,-1,-1,-1,-1,79167142798,,м. Отдых,улица Фрунзе,,2024-04-22
АвиаН-Недвижимость,real_estate_agent,https://zhukovsky.cian.ru/sale/suburban/300149564/,Жуковский,sale,suburban,land-plot,2300000,-1,-1,-1,Садоводство,-1,-1,-1,-1,-1,-1,-1,79856329094,,м. Кратово,,,2024-04-22
Центральное,real_estate_agent,https://zhukovsky.cian.ru/sale/suburban/300485338/,Жуковский,sale,suburban,land-plot,2197000,-1,-1,-1,Садоводство,-1,-1,-1,-1,-1,-1,-1,79057159228,,м. Ильинская,Кооперативная улица,,2024-04-22
Центральное,real_estate_agent,https://zhukovsky.cian.ru/sale/suburban/300321884/,Жуковский,sale,suburban,land-plot,4997000,-1,-1,-1,ИЖС,-1,-1,-1,-1,-1,-1,-1,79057159228,,,улица Гризодубовой,,2024-04-22
Этажи Москва,real_estate_agent,https://zhukovsky.cian.ru/sale/suburban/300485122/,Жуковский,sale,suburban,land-plot,3700000,-1,-1,-1,-1,-1,-1,-1,-1,-1,-1,-1,79680125376,,м. Кратово,улица Центральная,,2024-04-22
ID 51164145,homeowner,https://zhukovsky.cian.ru/sale/suburban/288847356/,Жуковский,sale,suburban,land-plot,5200000,-1,-1,-1,Садоводство,-1,-1,-1,-1,-1,-1,-1,79623681021,,,,,2024-04-22
ДОМУС,real_estate_agent,https://zhukovsky.cian.ru/sale/suburban/292944984/,Жуковский,sale,suburban,land-plot,9350000,-1,-1,-1,ИЖС,-1,-1,-1,-1,-1,-1,-1,79623688696,,,улица Луговая,,2024-04-22
УЮТ,real_estate_agent,https://zhukovsky.cian.ru/sale/suburban/293759123/,Жуковский,sale,suburban,land-plot,5200000,-1,-1,-1,Садоводство,-1,-1,-1,-1,-1,-1,-1,79165611293,,м. Ильинская,,,2024-04-22
ID 72325327,homeowner,https://zhukovsky.cian.ru/sale/suburban/274396925/,Жуковский,sale,suburban,land-plot,25000000,-1,-1,-1,ИЖС,-1,-1,-1,-1,-1,-1,-1,79854845797,,м. Котельники,улица Гризодубовой,,2024-04-22
ID 48746140,homeowner,https://zhukovsky.cian.ru/sale/suburban/297516866/,Жуковский,sale,suburban,land-plot,20000000,-1,-1,-1,ИЖС,-1,-1,-1,-1,-1,-1,-1,79645652123,,м. Отдых,,,2024-04-22
ID 83822246,homeowner,https://zhukovsky.cian.ru/sale/suburban/283654931/,Жуковский,sale,suburban,land-plot,3850000,-1,-1,-1,Садоводство,-1,-1,-1,-1,-1,-1,-1,79164696840,,,,,2024-04-22
Альфалот,real_estate_agent,https://ramenskoye.cian.ru/sale/suburban/300268839/,Жуковский,sale,suburban,land-plot,5580000,-1,-1,-1,-1,-1,-1,-1,-1,-1,-1,-1,79651098155,,,улица Шоссейная,36,2024-04-22
Дарья Дмитриева,realtor,https://ramenskoye.cian.ru/sale/suburban/286648722/,Жуковский,sale,suburban,land-plot,5300000,-1,-1,-1,ИЖС,-1,-1,-1,-1,-1,-1,-1,79853343064,Кратово городское поселение,,,,2024-04-22
Кредит Центр,real_estate_agent,https://zhukovsky.cian.ru/sale/suburban/294754056/,Жуковский,sale,suburban,land-plot,2800000,-1,-1,-1,Садоводство,-1,-1,-1,-1,-1,-1,-1,79660617340,,м. Кратово,проезд Коммунальный,,2024-04-22
Этажи Москва,real_estate_agent,https://zhukovsky.cian.ru/sale/suburban/300309584/,Жуковский,sale,suburban,land-plot,5700000,-1,-1,-1,Садоводство,-1,-1,-1,-1,-1,-1,-1,79645391032,,м. Ильинская,,,2024-04-22
ID 97958518,homeowner,https://zhukovsky.cian.ru/sale/suburban/295895569/,Жуковский,sale,suburban,land-plot,3800000,-1,-1,-1,Садоводство,-1,-1,-1,-1,-1,-1,-1,79645530411,,,улица Кооперативная,,2024-04-22
Владис Новый Город,real_estate_agent,https://zhukovsky.cian.ru/sale/suburban/299808677/,Жуковский,sale,suburban,land-plot,3860000,-1,-1,-1,Садоводство,-1,-1,-1,-1,-1,-1,-1,79647961038,,м. Кратово,улица Тимохина,,2024-04-22
ОГРК,real_estate_agent,https://zhukovsky.cian.ru/sale/suburban/299990325/,Жуковский,sale,suburban,land-plot,3400000,-1,-1,-1,Садоводство,-1,-1,-1,-1,-1,-1,-1,79672089940,,м. Кратово,,,2024-04-22
Вадим Вазагов,realtor,https://zhukovsky.cian.ru/sale/suburban/286550538/,Жуковский,sale,suburban,land-plot,7200000,-1,-1,-1,Садоводство,-1,-1,-1,-1,-1,-1,-1,79099975901,,м. Кратово,улица Прибрежная,,2024-04-22
Этажи Москва,real_estate_agent,https://zhukovsky.cian.ru/sale/suburban/298746911/,Жуковский,sale,suburban,land-plot,3000000,-1,-1,-1,-1,-1,-1,-1,-1,-1,-1,-1,79660514074,,м. Отдых,,,2024-04-22
Владис Новый Город,real_estate_agent,https://zhukovsky.cian.ru/sale/suburban/300574250/,Жуковский,sale,suburban,land-plot,5700000,-1,-1,-1,Садоводство,-1,-1,-1,-1,-1,-1,-1,79647961038,,м. Отдых,,,2024-04-22
ID 57254279,homeowner,https://zhukovsky.cian.ru/sale/suburban/296857999/,Жуковский,sale,suburban,land-plot,2000000,-1,-1,-1,Садоводство,-1,-1,-1,-1,-1,-1,-1,79647046005,,м. Кратово,,,2024-04-22
ВЗЛЕТ Недвижимость,real_estate_agent,https://zhukovsky.cian.ru/sale/suburban/289518035/,Жуковский,sale,suburban,land-plot,9200000,-1,-1,-1,Садоводство,-1,-1,-1,-1,-1,-1,-1,79660825070,,м. Отдых,,,2024-04-22
Владис Новый Город,real_estate_agent,https://zhukovsky.cian.ru/sale/suburban/300804160/,Жуковский,sale,suburban,land-plot,2880000,-1,-1,-1,Садоводство,-1,-1,-1,-1,-1,-1,-1,79647961038,,м. Кратово,улица Тимохина,,2024-04-22
Ольга Глушанкова,realtor,https://zhukovsky.cian.ru/sale/suburban/299547936/,Жуковский,sale,suburban,land-plot,2750000,-1,-1,-1,Садоводство,-1,-1,-1,-1,-1,-1,-1,79689322103,,м. Кратово,улица Наркомвод,,2024-04-22
ID 74995833,realtor,https://zhukovsky.cian.ru/sale/suburban/296482397/,Жуковский,sale,suburban,land-plot,3700000,-1,-1,-1,Садоводство,-1,-1,-1,-1,-1,-1,-1,79647825564,,м. Кратово,9-я линия,,2024-04-22
АЗБУКА НЕДВИЖИМОСТИ,real_estate_agent,https://zhukovsky.cian.ru/sale/suburban/300187586/,Жуковский,sale,suburban,land-plot,9350000,-1,-1,-1,ИЖС,-1,-1,-1,-1,-1,-1,-1,79651342137,,м. Удельная,улица Луговая,,2024-04-22
ID 264264,realtor,https://zhukovsky.cian.ru/sale/suburban/297771060/,Жуковский,sale,suburban,land-plot,8250000,-1,-1,-1,ИЖС,-1,-1,-1,-1,-1,-1,-1,79660583988,,м. Удельная,улица Полевая,,2024-04-22
Центральное,real_estate_agent,https://zhukovsky.cian.ru/sale/suburban/300995633/,Жуковский,sale,suburban,land-plot,3597000,-1,-1,-1,Садоводство,-1,-1,-1,-1,-1,-1,-1,79057159228,,м. Кратово,улица Центральная,,2024-04-22
Центральное,real_estate_agent,https://zhukovsky.cian.ru/sale/suburban/298936114/,Жуковский,sale,suburban,land-plot,3791000,-1,-1,-1,Садоводство,-1,-1,-1,-1,-1,-1,-1,79057159228,,м. Отдых,Кооперативная улица,,2024-04-22
ID 109459821,homeowner,https://zhukovsky.cian.ru/sale/suburban/294561590/,Жуковский,sale,suburban,land-plot,12000000,-1,-1,-1,ИЖС,-1,-1,-1,-1,-1,-1,-1,79164647218,,,Кооперативная улица,,2024-04-22
Владис Новый Город,real_estate_agent,https://zhukovsky.cian.ru/sale/suburban/299060458/,Жуковский,sale,suburban,land-plot,5700000,-1,-1,-1,Садоводство,-1,-1,-1,-1,-1,-1,-1,79647961038,,м. Кратово,,,2024-04-22
Владис Новый Город,real_estate_agent,https://zhukovsky.cian.ru/sale/suburban/300436380/,Жуковский,sale,suburban,land-plot,5200000,-1,-1,-1,Садоводство,-1,-1,-1,-1,-1,-1,-1,79647961038,,м. Кратово,,,2024-04-22
ID 13372351,homeowner,https://zhukovsky.cian.ru/sale/suburban/297688227/,Жуковский,sale,suburban,land-plot,5700000,-1,-1,-1,Садоводство,-1,-1,-1,-1,-1,-1,-1,79660621974,,м. Ильинская,,,2024-04-22
АЗБУКА НЕДВИЖИМОСТИ,real_estate_agent,https://zhukovsky.cian.ru/sale/suburban/300186416/,Жуковский,sale,suburban,land-plot,5200000,-1,-1,-1,Садоводство,-1,-1,-1,-1,-1,-1,-1,79651342137,,м. Кратово,улица Центральная,,2024-04-22
МОИС,real_estate_agent,https://ramenskoye.cian.ru/sale/suburban/299933067/,Раменское,sale,suburban,house,12200000,2023,-1,"10,25 сот.",-1,-1,-1,-1,-1,-1,-1,1,79660549108,р-н Северный,м. Ипподром,улица Серебряная,,2024-04-22
МОИС,real_estate_agent,https://ramenskoye.cian.ru/sale/suburban/300935054/,Раменское,sale,suburban,house,9990000,1998,Кирпичный,7 сот.,-1,-1,-1,-1,-1,-1,144 м²,2,79647856381,р-н Центральный,м. Раменское,Перовский проезд,13,2024-04-22
Александр Седов,realtor,https://ramenskoye.cian.ru/sale/suburban/294227064/,Раменское,sale,suburban,house,6000000,1956,Кирпичный,"6,5 сот.",-1,-1,-1,-1,-1,-1,98 м²,2,79660640910,р-н Залинейный,м. Есенинская,улица Гоголя,11,2024-04-22
Авеню,real_estate_agent,https://ramenskoye.cian.ru/sale/suburban/298003421/,Раменское,sale,suburban,house,12200000,-1,Кирпичный,6 сот.,-1,-1,-1,-1,-1,-1,160 м²,2,79851485134,р-н Северный,м. Ипподром,улица Степана,,2024-04-22
Авеню,real_estate_agent,https://ramenskoye.cian.ru/sale/suburban/296077389/,Раменское,sale,suburban,house,12500000,-1,-1,6 сот.,-1,-1,-1,-1,-1,-1,140 м²,2,79851485134,р-н Северный,м. Раменское,,,2024-04-22
ID 25244,unknown,https://ramenskoye.cian.ru/sale/suburban/294343789/,Раменское,sale,suburban,house,12900000,2023,Газосиликатный блок,6 сот.,-1,-1,-1,-1,-1,-1,-1,1,79645664110,р-н Северный,м. Фабричная,,,2024-04-22
Людмила  Гарбузова,realtor,https://ramenskoye.cian.ru/sale/suburban/293849339/,Раменское,sale,suburban,house,58100000,2018,-1,8 сот.,-1,-1,-1,-1,-1,-1,-1,2,79684453038,р-н Западный,м. Есенинская,Фабричная улица,,2024-04-22
Мария  Богданова,realtor,https://ramenskoye.cian.ru/sale/suburban/299152477/,Раменское,sale,suburban,house,7900000,2020,Газосиликатный блок,"7,1 сот.",-1,-1,-1,-1,-1,-1,-1,2,79853851661,,м. Ипподром,улица Крымская,,2024-04-22
ID 25244,unknown,https://ramenskoye.cian.ru/sale/suburban/291873753/,Раменское,sale,suburban,house,11600000,2023,Газосиликатный блок,6 сот.,-1,-1,-1,-1,-1,-1,120 м²,1,79645664110,р-н Северный,,улица МГТ,,2024-04-22
Татьяна Антошкина,realtor,https://ramenskoye.cian.ru/sale/suburban/299440348/,Раменское,sale,suburban,house,12000000,2023,Газосиликатный блок,6 сот.,-1,-1,-1,-1,-1,-1,130 м²,2,79647926526,р-н Северный,м. Раменское,,,2024-04-22
ID 91849694,realtor,https://ramenskoye.cian.ru/sale/suburban/299507830/,Раменское,sale,suburban,house,5500000,-1,Деревянный,10 сот.,-1,-1,-1,-1,-1,-1,55 м²,1,79660643991,р-н Залинейный,м. Ипподром,Пионерский переулок,,2024-04-22
Татьяна Антошкина,realtor,https://ramenskoye.cian.ru/sale/suburban/299199764/,Раменское,sale,suburban,house,15000000,2023,Газосиликатный блок,6 сот.,-1,-1,-1,-1,-1,-1,140 м²,2,79647926526,р-н Северный,м. Раменское,,,2024-04-22
Этажи Воскресенск-Раменское,real_estate_agent,https://ramenskoye.cian.ru/sale/suburban/299079350/,Раменское,sale,suburban,house,9950000,2020,Кирпичный,4 сот.,-1,-1,-1,-1,-1,-1,110 м²,-1,79164716353,,м. Ипподром,улица Михалевича,,2024-04-22
ID 474522,realtor,https://ramenskoye.cian.ru/sale/suburban/300875161/,Раменское,sale,suburban,house,15000000,2018,Кирпичный,8 сот.,-1,-1,-1,-1,-1,-1,"270,6 м²",3,79160569067,,м. Ипподром,улица Треугольная,,2024-04-22
Миэль,real_estate_agent,https://ramenskoye.cian.ru/sale/suburban/286482625/,Раменское,sale,suburban,house,14000000,-1,Кирпичный,"8,04 сот.",-1,-1,-1,-1,-1,-1,"141,4 м²",2,79660622844,,,улица Березки,38,2024-04-22
Этажи Воскресенск-Раменское,real_estate_agent,https://ramenskoye.cian.ru/sale/suburban/299576817/,Раменское,sale,suburban,house,12000000,-1,Газобетонный блок,7 сот.,-1,-1,-1,-1,-1,-1,-1,-1,79651093490,р-н Северный,м. Ипподром,,,2024-04-22
ID 95871847,homeowner,https://ramenskoye.cian.ru/sale/suburban/300028091/,Раменское,sale,suburban,house,15990000,2023,Кирпичный,"6,2 сот.",-1,-1,-1,-1,-1,-1,130 м²,2,79660623699,р-н Залинейный,м. Есенинская,улица Алексея Перелета,26,2024-04-22
ID 107335652,homeowner,https://ramenskoye.cian.ru/sale/suburban/292549052/,Раменское,sale,suburban,house,27000000,2021,Газобетонный блок,10 сот.,-1,-1,-1,-1,-1,-1,-1,2,79166071440,р-н Залинейный,м. Есенинская,улица Весенняя,16А,2024-04-22
ВЗЛЕТ Недвижимость,real_estate_agent,https://ramenskoye.cian.ru/sale/suburban/289982352/,Раменское,sale,suburban,house,8600000,2022,Каркасный,6 сот.,-1,-1,-1,-1,-1,-1,150 м²,2,79660825070,р-н Северный,м. Ипподром,улица Изумрудная,,2024-04-22
ИП Шишкина М. Е.,real_estate_agent,https://ramenskoye.cian.ru/sale/suburban/300688589/,Раменское,sale,suburban,house,14400000,2023,-1,6 сот.,-1,-1,-1,-1,-1,-1,100 м²,1,79067876400,р-н Залинейный,м. Есенинская,улица Весенняя,12А,2024-04-22
Владис Новый Город,real_estate_agent,https://ramenskoye.cian.ru/sale/suburban/296457852/,Раменское,sale,suburban,house,10950000,2020,Кирпичный,"7,5 сот.",-1,-1,-1,-1,-1,-1,128 м²,2,79647961038,р-н Центральный,м. Ипподром,Интернациональная улица,,2024-04-22
Евгений Исаков,realtor,https://ramenskoye.cian.ru/sale/suburban/289557536/,Раменское,sale,suburban,house,8299999,2021,Каркасный,4 сот.,-1,-1,-1,-1,-1,-1,"84,8 м²",2,79858181453,,,улица Прохладная,31,2024-04-22
ID 12529511,realtor,https://ramenskoye.cian.ru/sale/suburban/294506403/,Раменское,sale,suburban,house,11500000,2020,Кирпичный,"5,94 сот.",-1,-1,-1,-1,-1,-1,"176,4 м²",2,79646329707,р-н Залинейный,м. Есенинская,улица Алексея Перелета,,2024-04-22
Alexander Estate,real_estate_agent,https://ramenskoye.cian.ru/sale/suburban/299339113/,Раменское,sale,suburban,house,7500000,-1,Деревянный,9 сот.,-1,-1,-1,-1,-1,-1,79 м²,1,79162891487,р-н Залинейный,м. Раменское,Москворецкая улица,35,2024-04-22
Михаил Мальцев,realtor,https://ramenskoye.cian.ru/sale/suburban/300695290/,Раменское,sale,suburban,house,15500000,-1,Кирпичный,6 сот.,-1,-1,-1,-1,-1,-1,200 м²,2,79623610161,р-н Залинейный,м. Есенинская,улица Раменская,2А,2024-04-22
Ирина Воробьева,realtor,https://ramenskoye.cian.ru/sale/suburban/299375304/,Раменское,sale,suburban,house,7500000,2024,Газобетонный блок,6 сот.,-1,-1,-1,-1,-1,-1,95 м²,-1,79166980962,р-н Северный,м. Раменское,улица Янтарная,,2024-04-22
Владис Новый Город,real_estate_agent,https://ramenskoye.cian.ru/sale/suburban/275022827/,Раменское,sale,suburban,house,11300000,2010,Кирпичный,"2,18 сот.",-1,-1,-1,-1,-1,-1,167 м²,3,79647961038,р-н Залинейный,м. Раменское,Новая улица,15,2024-04-22
БЕЛЯК И ПАРТНЕРЫ,real_estate_agent,https://ramenskoye.cian.ru/sale/suburban/294921303/,Раменское,sale,suburban,house,10800000,-1,Газосиликатный блок,"6,7 сот.",-1,-1,-1,-1,-1,-1,170 м²,2,79175214985,р-н Северный,м. Раменское,,,2024-04-22
ID 85347351,homeowner,https://ramenskoye.cian.ru/sale/suburban/299967366/,Раменское,sale,suburban,house,19500000,-1,Деревянный,17 сот.,-1,-1,-1,-1,-1,-1,150 м²,2,79858232887,р-н Западный,м. Есенинская,Сосновая улица,15,2024-04-22
Сфера Недвижимости,real_estate_agent,https://ramenskoye.cian.ru/sale/suburban/300226452/,Раменское,sale,suburban,house,9990000,2022,Блочный,4 сот.,-1,-1,-1,-1,-1,-1,110 м²,2,79660611577,,м. Ипподром,улица Михалевича,,2024-04-22
Авеню,real_estate_agent,https://ramenskoye.cian.ru/sale/suburban/287361790/,Раменское,sale,suburban,house,8000000,-1,Каркасный,5 сот.,-1,-1,-1,-1,-1,-1,110 м²,2,79851485134,,м. Ипподром,улица Дальняя,,2024-04-22
ID 103870199,homeowner,https://ramenskoye.cian.ru/sale/suburban/300487118/,Раменское,sale,suburban,house,8450000,2023,Газобетонный блок,6 сот.,-1,-1,-1,-1,-1,-1,120 м²,2,79852065680,р-н Северный,м. Фабричная,,,2024-04-22
ID 81882830,realtor,https://ramenskoye.cian.ru/sale/suburban/298454920/,Раменское,sale,suburban,house,17500000,2012,Газобетонный блок,"10,5 сот.",-1,-1,-1,-1,-1,-1,162 м²,3,79660589164,р-н Западный,м. Есенинская,Речная улица,4А/1,2024-04-22
Роман Сбродов,realtor,https://ramenskoye.cian.ru/sale/suburban/301057120/,Раменское,sale,suburban,house,23000000,-1,Деревянный,"31,96 сот.",-1,-1,-1,-1,-1,-1,"118,9 м²",1,79660533688,р-н Залинейный,м. Есенинская,улица Электрификации,39,2024-04-22
Твой Дом,real_estate_agent,https://ramenskoye.cian.ru/sale/suburban/301012525/,Раменское,sale,suburban,house,7700000,2024,Каркасный,5 сот.,-1,-1,-1,-1,-1,-1,80 м²,2,79168833327,р-н Северный,м. Раменское,,,2024-04-22
МИЭЛЬ,real_estate_agent,https://ramenskoye.cian.ru/sale/suburban/299243848/,Раменское,sale,suburban,house,13000000,-1,Кирпичный,"5,2 сот.",-1,-1,-1,-1,-1,-1,150 м²,3,79652393843,,м. Ипподром,улица Михалевича,,2024-04-22
Самолет Плюс Раменское,real_estate_agent,https://ramenskoye.cian.ru/sale/suburban/288223144/,Раменское,sale,suburban,house,12200000,2007,-1,7 сот.,-1,-1,-1,-1,-1,-1,"194,5 м²",2,79660540760,р-н Центральный,,,,2024-04-22
Сергей Митрофанов,realtor,https://ramenskoye.cian.ru/sale/suburban/276154609/,Раменское,sale,suburban,house,12550000,2023,Газобетонный блок,"7,5 сот.",-1,-1,-1,-1,-1,-1,163 м²,2,79651428035,р-н Северный,м. Ипподром,улица Серебряная,,2024-04-22
Кредит-Центр Недвижимость,real_estate_agent,https://ramenskoye.cian.ru/sale/suburban/295626527/,Раменское,sale,suburban,house,14600000,2008,Кирпичный,10 сот.,-1,-1,-1,-1,-1,-1,"130,9 м²",2,79660588922,,м. Выхино,улица Прохладная,36,2024-04-22
АЯКС Воскресенск,real_estate_agent,https://ramenskoye.cian.ru/sale/suburban/300116655/,Раменское,sale,suburban,house,7800000,2024,Каркасный,6 сот.,-1,-1,-1,-1,-1,-1,-1,2,79099968363,р-н Северный,м. Раменское,,,2024-04-22
Сергей Митрофанов,realtor,https://ramenskoye.cian.ru/sale/suburban/300748269/,Раменское,sale,suburban,house,14000000,2024,Газосиликатный блок,9 сот.,-1,-1,-1,-1,-1,-1,211 м²,2,79651428035,р-н Северный,м. Ипподром,улица Серебряная,65,2024-04-22
Авеню,real_estate_agent,https://ramenskoye.cian.ru/sale/suburban/287458236/,Раменское,sale,suburban,house,7450000,-1,Кирпичный,6 сот.,-1,-1,-1,-1,-1,-1,75 м²,1,79851485134,р-н Северный,м. Ипподром,,,2024-04-22
Яищу,real_estate_agent,https://ramenskoye.cian.ru/sale/suburban/299737735/,Раменское,sale,suburban,house,15990000,-1,-1,"6,2 сот.",-1,-1,-1,-1,-1,-1,130 м²,2,79150127814,р-н Залинейный,м. Есенинская,Детская улица,9,2024-04-22
Анастасия Александровна Салапонова,realtor,https://ramenskoye.cian.ru/sale/suburban/301065621/,Раменское,sale,suburban,house,8299999,-1,Каркасный,4 сот.,-1,-1,-1,-1,-1,-1,"84,4 м²",2,79855451904,,м. Ипподром,улица Прохладная,31а,2024-04-22
Сергей Трофимов,realtor,https://ramenskoye.cian.ru/sale/suburban/300611872/,Раменское,sale,suburban,house,15000000,2024,Газобетонный блок,6 сот.,-1,-1,-1,-1,-1,-1,140 м²,2,79651074977,р-н Северный,м. Раменское,улица Светлая,,2024-04-22
Яищу,real_estate_agent,https://ramenskoye.cian.ru/sale/suburban/300890138/,Раменское,sale,suburban,house,7600000,2023,-1,6 сот.,-1,-1,-1,-1,-1,-1,75 м²,1,79160615519,р-н Северный,м. Ипподром,,,2024-04-22
ID 891169,homeowner,https://ramenskoye.cian.ru/sale/suburban/192492819/,Раменское,sale,suburban,house,2150000,2007,Деревянный,"7,5 сот.",-1,-1,-1,-1,-1,-1,60 м²,2,79645664902,,,,,2024-04-22
Яищу,real_estate_agent,https://ramenskoye.cian.ru/sale/suburban/300563108/,Раменское,sale,suburban,house,14000000,-1,-1,8 сот.,-1,-1,-1,-1,-1,-1,210 м²,2,79852432682,р-н Центральный,м. Раменское,,,2024-04-22
Владис Новый Город,real_estate_agent,https://ramenskoye.cian.ru/sale/suburban/301044110/,Раменское,sale,suburban,house,12000000,2023,Кирпичный,6 сот.,-1,-1,-1,-1,-1,-1,140 м²,1,79647961038,р-н Северный,м. Фабричная,,,2024-04-22
Виталий Артамонов,realtor,https://ramenskoye.cian.ru/sale/suburban/298200266/,Раменское,sale,suburban,house,11000000,2022,Кирпичный,6 сот.,-1,-1,-1,-1,-1,-1,140 м²,2,79645668642,р-н Северный,м. Ипподром,улица Новой Жизни,,2024-04-22
Твой Дом,real_estate_agent,https://ramenskoye.cian.ru/sale/suburban/300543386/,Раменское,sale,suburban,house,9000000,2024,Каркасный,5 сот.,-1,-1,-1,-1,-1,-1,157 м²,2,79168833327,р-н Центральный,,,,2024-04-22
Ольга Ивонина,realtor,https://ramenskoye.cian.ru/sale/suburban/299571285/,Раменское,sale,suburban,house,13500000,2023,-1,6 сот.,-1,-1,-1,-1,-1,-1,200 м²,2,79651856998,р-н Северный,м. Раменское,улица Светлая,,2024-04-22
ID 15937899,realtor,https://ramenskoye.cian.ru/sale/suburban/300612033/,Раменское,sale,suburban,house,12500000,2023,Кирпичный,6 сот.,-1,-1,-1,-1,-1,-1,-1,2,79099985597,р-н Северный,м. Ипподром,,,2024-04-22
ИП Шишкина М. Е.,real_estate_agent,https://ramenskoye.cian.ru/sale/suburban/291421956/,Раменское,sale,suburban,house,14900000,2023,Пенобетонный блок,"9,5 сот.",-1,-1,-1,-1,-1,-1,"201,4 м²",2,79660623376,р-н Северный,,улица Осенняя,,2024-04-22
ИП Шишкина М. Е.,real_estate_agent,https://ramenskoye.cian.ru/sale/suburban/297814543/,Раменское,sale,suburban,house,16350000,2023,Кирпичный,"11,3 сот.",-1,-1,-1,-1,-1,-1,130 м²,1,79660623376,р-н Северный,м. Ипподром,улица Серебряная,131,2024-04-22
ГАРАНТ,real_estate_agent,https://ramenskoye.cian.ru/sale/suburban/298848866/,Раменское,sale,suburban,house,9850000,1974,Кирпичный,13 сот.,-1,-1,-1,-1,-1,-1,"78,5 м²",2,79801310702,р-н Залинейный,,Краснознаменская улица,4,2024-04-22
Яищу,real_estate_agent,https://ramenskoye.cian.ru/sale/suburban/298322947/,Раменское,sale,suburban,house,10000000,2024,-1,"6,53 сот.",-1,-1,-1,-1,-1,-1,160 м²,2,79191050480,р-н Северный,м. Ипподром,улица Раменье,,2024-04-22
Авеню,real_estate_agent,https://ramenskoye.cian.ru/sale/suburban/291270728/,Раменское,sale,suburban,house,13000000,-1,Кирпичный,6 сот.,-1,-1,-1,-1,-1,-1,200 м²,2,79851485134,р-н Северный,м. Ипподром,,,2024-04-22
Алексей Киселев,realtor,https://ramenskoye.cian.ru/sale/suburban/297673827/,Раменское,sale,suburban,house,8500000,2020,Деревянный,3 сот.,-1,-1,-1,-1,-1,-1,"95,1 м²",2,79651080512,р-н Залинейный,м. Раменское,Полевая улица,30,2024-04-22
Елена Юхман,realtor,https://ramenskoye.cian.ru/sale/suburban/298022723/,Раменское,sale,suburban,house,10999000,2023,Газобетонный блок,6 сот.,-1,-1,-1,-1,-1,-1,110 м²,1,79660639543,р-н Северный,м. Раменское,улица Зимняя,107,2024-04-22
Кварт-Лайф,real_estate_agent,https://ramenskoye.cian.ru/sale/suburban/295859289/,Раменское,sale,suburban,house,18499000,2022,Пенобетонный блок,"9,38 сот.",-1,-1,-1,-1,-1,-1,138 м²,1,79186253506,р-н Северный,м. Ипподром,улица Серебряная,,2024-04-22
Твой Дом,real_estate_agent,https://ramenskoye.cian.ru/sale/suburban/300812359/,Раменское,sale,suburban,house,7698000,2024,Каркасный,5 сот.,-1,-1,-1,-1,-1,-1,80 м²,2,79856936624,р-н Северный,м. Ипподром,улица Александра Парусникова,,2024-04-22
Эксперт,real_estate_agent,https://ramenskoye.cian.ru/sale/suburban/293796540/,Раменское,sale,suburban,house,8700000,2023,Пенобетонный блок,"4,5 сот.",-1,-1,-1,-1,-1,-1,110 м²,1,79660584021,р-н Северный,м. Раменское,,,2024-04-22
ID 79040850,homeowner,https://ramenskoye.cian.ru/sale/suburban/289736715/,Раменское,sale,suburban,house,9800000,2022,Пенобетонный блок,10 сот.,-1,-1,-1,-1,-1,-1,150 м²,-1,79660469931,р-н Северный,м. Раменское,улица Дружбы Народов,,2024-04-22
Владис Новый Город,real_estate_agent,https://ramenskoye.cian.ru/sale/suburban/296313332/,Раменское,sale,suburban,house,10500000,2022,Монолитный,7 сот.,-1,-1,-1,-1,-1,-1,160 м²,2,79647961038,р-н Северный,м. Ипподром,,,2024-04-22
Михаил Мальцев,realtor,https://ramenskoye.cian.ru/sale/suburban/300557149/,Раменское,sale,suburban,house,10000000,2024,Газосиликатный блок,6 сот.,-1,-1,-1,-1,-1,-1,134 м²,1,79623610161,р-н Северный,м. Ипподром,улица Июньская,,2024-04-22
Ольга Попова,realtor,https://ramenskoye.cian.ru/sale/suburban/300304820/,Раменское,sale,suburban,house,18500000,2009,Кирпичный,8 сот.,-1,-1,-1,-1,-1,-1,136 м²,3,79660469627,,м. Ипподром,улица Зеленые Берега,7,2024-04-22
УСПЕХ,real_estate_agent,https://ramenskoye.cian.ru/sale/suburban/283907696/,Раменское,sale,suburban,house,10299000,-1,-1,7 сот.,-1,-1,-1,-1,-1,-1,"76,4 м²",1,79154393417,р-н Северный,м. Ипподром,улица Полевая,2,2024-04-22
ИП Шишкина М. Е.,real_estate_agent,https://ramenskoye.cian.ru/sale/suburban/300466138/,Раменское,sale,suburban,house,16800000,2023,-1,8 сот.,-1,-1,-1,-1,-1,-1,138 м²,2,79067876400,р-н Залинейный,м. Есенинская,улица Весенняя,12А/2,2024-04-22
Комфорт,real_estate_agent,https://ramenskoye.cian.ru/sale/suburban/289022528/,Раменское,sale,suburban,house,17000000,-1,Кирпичный,7 сот.,-1,-1,-1,-1,-1,-1,83 м²,1,79060428524,р-н Западный,м. Фабричная,улица Дружбы,21,2024-04-22
Роман Сбродов,realtor,https://ramenskoye.cian.ru/sale/suburban/292704868/,Раменское,sale,suburban,house,15000000,-1,Деревянный,"19,8 сот.",-1,-1,-1,-1,-1,-1,"94,6 м²",1,79660533688,р-н Залинейный,м. Есенинская,улица Чапаева,3,2024-04-22
Виталий Артамонов,realtor,https://ramenskoye.cian.ru/sale/suburban/291526391/,Раменское,sale,suburban,house,12000000,2022,Кирпичный,6 сот.,-1,-1,-1,-1,-1,-1,155 м²,2,79645668642,р-н Северный,м. Раменское,,,2024-04-22
Владис Новый Город,real_estate_agent,https://ramenskoye.cian.ru/sale/suburban/299960518/,Раменское,sale,suburban,house,10499000,2023,Газосиликатный блок,"7,5 сот.",-1,-1,-1,-1,-1,-1,120 м²,2,79647961038,р-н Северный,м. Раменское,,,2024-04-22
Ирина Воробьева,realtor,https://ramenskoye.cian.ru/sale/suburban/300990473/,Раменское,sale,suburban,house,14100000,2019,Блочный,"8,1 сот.",-1,-1,-1,-1,-1,-1,"130,1 м²",2,79166980962,р-н Северный,м. Раменское,улица Егорьевская,12,2024-04-22
Авеню,real_estate_agent,https://ramenskoye.cian.ru/sale/suburban/293106943/,Раменское,sale,suburban,house,12000000,-1,Кирпичный,7 сот.,-1,-1,-1,-1,-1,-1,130 м²,2,79851485134,р-н Северный,м. Ипподром,,,2024-04-22
Твой Дом,real_estate_agent,https://ramenskoye.cian.ru/sale/suburban/300856150/,Раменское,sale,suburban,house,7428500,2024,Каркасный,5 сот.,-1,-1,-1,-1,-1,-1,100 м²,1,79856936624,р-н Северный,м. Ипподром,улица Июньская,,2024-04-22
Твой Дом,real_estate_agent,https://ramenskoye.cian.ru/sale/suburban/300416743/,Раменское,sale,suburban,house,9000000,2024,Каркасный,5 сот.,-1,-1,-1,-1,-1,-1,157 м²,2,79672093612,р-н Северный,,,,2024-04-22
Владис Новый Город,real_estate_agent,https://ramenskoye.cian.ru/sale/suburban/285376016/,Раменское,sale,suburban,house,14990000,2022,Каркасный,"10,28 сот.",-1,-1,-1,-1,-1,-1,115 м²,1,79647961038,р-н Северный,м. Ипподром,улица Серебряная,117,2024-04-22
ID 63989286,real_estate_agent,https://ramenskoye.cian.ru/sale/suburban/299331037/,Раменское,sale,suburban,house,17950000,2023,Пенобетонный блок,"9,5 сот.",-1,-1,-1,-1,-1,-1,142 м²,1,79895774735,р-н Северный,м. Ипподром,улица Серебряная,,2024-04-22
Сергей Лукиянов,realtor,https://ramenskoye.cian.ru/sale/suburban/300976338/,Раменское,sale,suburban,house,12000000,2024,Кирпичный,7 сот.,-1,-1,-1,-1,-1,-1,-1,2,79652604737,р-н Северный,м. Раменское,,,2024-04-22
ID 212464,unknown,https://ramenskoye.cian.ru/sale/suburban/299460420/,Раменское,sale,suburban,house,10000000,1974,Деревянный,"11,7 сот.",-1,-1,-1,-1,-1,-1,50 м²,2,79160855604,р-н Залинейный,м. Фабричная,улица Маяковского,,2024-04-22
ID 99304913,unknown,https://ramenskoye.cian.ru/sale/suburban/300030552/,Раменское,sale,suburban,house,9950000,-1,Деревянный,"7,5 сот.",-1,-1,-1,-1,-1,-1,90 м²,1,79660533243,,м. Ипподром,Садовая улица,31,2024-04-22
Эксперт,real_estate_agent,https://ramenskoye.cian.ru/sale/suburban/298300010/,Раменское,sale,suburban,house,13500000,-1,Газосиликатный блок,6 сот.,-1,-1,-1,-1,-1,-1,-1,3,79100052484,р-н Северный,м. Ипподром,улица Изумрудная,25,2024-04-22
Владис Новый Город,real_estate_agent,https://ramenskoye.cian.ru/sale/suburban/296710396/,Раменское,sale,suburban,house,10499000,2021,Кирпичный,6 сот.,-1,-1,-1,-1,-1,-1,142 м²,1,79647961038,р-н Северный,м. Ипподром,улица Дмитрия Князева,27,2024-04-22
ID 58722055,homeowner,https://ramenskoye.cian.ru/sale/suburban/300254405/,Раменское,sale,suburban,house,15000000,1993,Кирпичный,"16,7 сот.",-1,-1,-1,-1,-1,-1,270 м²,2,79660583042,р-н Залинейный,м. Раменское,Краснознаменская улица,,2024-04-22
Кредит-Центр Недвижимость,real_estate_agent,https://ramenskoye.cian.ru/sale/suburban/294764708/,Раменское,sale,suburban,house,10700000,2020,Деревянный,6 сот.,-1,-1,-1,-1,-1,-1,"142,5 м²",2,79660588922,р-н Северный,м. Раменское,улица Ореховая,5А,2024-04-22
Эксперт,real_estate_agent,https://ramenskoye.cian.ru/sale/suburban/288683977/,Раменское,sale,suburban,house,6400000,2022,Газосиликатный блок,10 сот.,-1,-1,-1,-1,-1,-1,84 м²,1,79660584021,,м. Ипподром,улица Дальняя,,2024-04-22
ГАРАНТ,real_estate_agent,https://ramenskoye.cian.ru/sale/suburban/299771549/,Раменское,sale,suburban,house,13500000,-1,Блочный,6 сот.,-1,-1,-1,-1,-1,-1,"165,1 м²",2,79166421349,р-н Северный,,улица Владимирская,10,2024-04-22
Авеню,real_estate_agent,https://ramenskoye.cian.ru/sale/suburban/289052810/,Раменское,sale,suburban,house,9840000,-1,Кирпичный,6 сот.,-1,-1,-1,-1,-1,-1,140 м²,2,79851485134,р-н Северный,м. Ипподром,,,2024-04-22
Влада Лазаренко,realtor,https://ramenskoye.cian.ru/sale/suburban/290617597/,Раменское,sale,suburban,house,15500000,-1,Кирпичный,12 сот.,-1,-1,-1,-1,-1,-1,180 м²,2,79851529492,р-н Залинейный,,Солнечная улица,9,2024-04-22
Анастасия Александровна Салапонова,realtor,https://ramenskoye.cian.ru/sale/suburban/297644581/,Раменское,sale,suburban,house,10855000,-1,Деревянный,9 сот.,-1,-1,-1,-1,-1,-1,118 м²,1,79855451904,р-н Залинейный,м. Раменское,Краснознаменская улица,,2024-04-22
Константин Бегинин,realtor,https://ramenskoye.cian.ru/sale/suburban/299342731/,Раменское,sale,suburban,house,7990000,2022,Газосиликатный блок,6 сот.,-1,-1,-1,-1,-1,-1,32 м²,1,79685778505,р-н Северный,м. Ипподром,улица Павла Виноградова,20,2024-04-22
Авеню,real_estate_agent,https://ramenskoye.cian.ru/sale/suburban/296139682/,Раменское,sale,suburban,house,8700000,-1,Кирпичный,"4,5 сот.",-1,-1,-1,-1,-1,-1,110 м²,1,79851485134,р-н Северный,м. Ипподром,,,2024-04-22
Владис Новый Город,real_estate_agent,https://ramenskoye.cian.ru/sale/suburban/295855017/,Раменское,sale,suburban,house,12270000,2023,Газосиликатный блок,6 сот.,-1,-1,-1,-1,-1,-1,110 м²,1,79647961038,р-н Северный,м. Раменское,,,2024-04-22
Эксперт,real_estate_agent,https://ramenskoye.cian.ru/sale/suburban/299533383/,Раменское,sale,suburban,house,15200000,2020,Газобетонный блок,"7,5 сот.",-1,-1,-1,-1,-1,-1,152 м²,2,79660584021,р-н Северный,м. Ипподром,улица Сергея Белокурова,,2024-04-22
Владис Новый Город,real_estate_agent,https://ramenskoye.cian.ru/sale/suburban/295311364/,Раменское,sale,suburban,house,19200000,2005,Кирпичный,8 сот.,-1,-1,-1,-1,-1,-1,136 м²,3,79647961038,,м. Ипподром,улица Зеленые Берега,,2024-04-22
ЕСН,real_estate_agent,https://ramenskoye.cian.ru/sale/suburban/299916021/,Раменское,sale,suburban,house,9500000,-1,-1,6 сот.,-1,-1,-1,-1,-1,-1,"87,2 м²",1,79670280458,р-н Центральный,м. Раменское,,,2024-04-22
Арсенал,real_estate_agent,https://ramenskoye.cian.ru/sale/suburban/285747499/,Раменское,sale,suburban,house,65000000,2015,Кирпичный,26 сот.,-1,-1,-1,-1,-1,-1,-1,3,79175293763,р-н Западный,,Арктическая улица,6,2024-04-22
Самолет Плюс Воскресенск,real_estate_agent,https://ramenskoye.cian.ru/sale/suburban/293655878/,Раменское,sale,suburban,house,22700000,2019,-1,21 сот.,-1,-1,-1,-1,-1,-1,-1,2,79652450721,р-н Северный,м. Раменское,улица Дружбы Народов,,2024-04-22
Твой Дом,real_estate_agent,https://ramenskoye.cian.ru/sale/suburban/299316752/,Раменское,sale,suburban,house,7328000,2024,Каркасный,5 сот.,-1,-1,-1,-1,-1,-1,100 м²,1,79856936624,р-н Северный,,улица Зимняя,,2024-04-22
Твой Дом,real_estate_agent,https://ramenskoye.cian.ru/sale/suburban/300731129/,Раменское,sale,suburban,house,8650000,2023,Каркасный,5 сот.,-1,-1,-1,-1,-1,-1,110 м²,2,79672093612,р-н Северный,м. Ипподром,,,2024-04-22
ID 300430,realtor,https://ramenskoye.cian.ru/sale/suburban/299287846/,Раменское,sale,suburban,house,15000000,2024,Газосиликатный блок,6 сот.,-1,-1,-1,-1,-1,-1,145 м²,2,79099972728,р-н Северный,м. Ипподром,улица Суворова,,2024-04-22
Владис,real_estate_agent,https://ramenskoye.cian.ru/sale/suburban/300868384/,Раменское,sale,suburban,house,9800000,2022,Газосиликатный блок,"10,5 сот.",-1,-1,-1,-1,-1,-1,150 м²,1,79099665694,р-н Северный,м. Ипподром,улица Дружбы Народов,12,2024-04-22
Кредит-Центр Недвижимость,real_estate_agent,https://ramenskoye.cian.ru/sale/suburban/297130139/,Раменское,sale,suburban,house,13900000,2019,Блочный,"8,1 сот.",-1,-1,-1,-1,-1,-1,"130,1 м²",2,79660588922,р-н Северный,,улица Егорьевская,12,2024-04-22
ID 28789,realtor,https://ramenskoye.cian.ru/sale/suburban/296123777/,Раменское,sale,suburban,house,17500000,2021,Газосиликатный блок,"6,5 сот.",-1,-1,-1,-1,-1,-1,"135,8 м²",1,79651071485,р-н Северный,м. Ипподром,улица Сергия Радонежского,,2024-04-22
ID 110101320,homeowner,https://ramenskoye.cian.ru/sale/suburban/300870509/,Раменское,sale,suburban,house,7500000,2023,Пенобетонный блок,"5,2 сот.",-1,-1,-1,-1,-1,-1,75 м²,1,79645658365,р-н Северный,,,,2024-04-22
Эксперт,real_estate_agent,https://ramenskoye.cian.ru/sale/suburban/297123957/,Раменское,sale,suburban,house,13000000,2023,Газобетонный блок,"6,7 сот.",-1,-1,-1,-1,-1,-1,106 м²,1,79100052484,р-н Северный,м. Раменское,улица Егорьевская,7,2024-04-22
Авеню,real_estate_agent,https://ramenskoye.cian.ru/sale/suburban/294415015/,Раменское,sale,suburban,house,12000000,-1,-1,6 сот.,-1,-1,-1,-1,-1,-1,130 м²,2,79851485134,р-н Северный,м. Раменское,,,2024-04-22
ID 105293558,homeowner,https://ramenskoye.cian.ru/sale/suburban/291629586/,Раменское,sale,suburban,house,12700000,-1,-1,19 сот.,-1,-1,-1,-1,-1,-1,92 м²,1,79091509479,р-н Залинейный,м. Раменское,Москворецкая улица,19,2024-04-22
Авеню,real_estate_agent,https://ramenskoye.cian.ru/sale/suburban/287201258/,Раменское,sale,suburban,house,12000000,-1,-1,7 сот.,-1,-1,-1,-1,-1,-1,150 м²,2,79851485134,р-н Северный,м. Раменское,,,2024-04-22
Яищу,real_estate_agent,https://ramenskoye.cian.ru/sale/suburban/293992802/,Раменское,sale,suburban,house,13000000,2023,-1,7 сот.,-1,-1,-1,-1,-1,-1,128 м²,2,79191050480,р-н Северный,м. Раменское,,,2024-04-22
ID 78281049,homeowner,https://ramenskoye.cian.ru/sale/suburban/292097089/,Раменское,sale,suburban,house,12000000,1960,Деревянный,"5,7 сот.",-1,-1,-1,-1,-1,-1,"78,7 м²",1,79851887359,р-н Залинейный,м. Раменское,Московская улица,,2024-04-22
Авеню,real_estate_agent,https://ramenskoye.cian.ru/sale/suburban/300933094/,Раменское,sale,suburban,house,14500000,-1,Кирпичный,6 сот.,-1,-1,-1,-1,-1,-1,150 м²,2,79851485134,р-н Северный,м. Ипподром,улица Светлая,,2024-04-22
Кредит-Центр Недвижимость,real_estate_agent,https://ramenskoye.cian.ru/sale/suburban/295684086/,Раменское,sale,suburban,house,10500000,2023,Блочный,"7,42 сот.",-1,-1,-1,-1,-1,-1,"91,3 м²",2,79660588922,р-н Северный,м. Раменское,,,2024-04-22
Дарья Дмитриева,realtor,https://ramenskoye.cian.ru/sale/suburban/258547903/,Раменское,sale,suburban,house,18500000,-1,Деревянный,14 сот.,-1,-1,-1,-1,-1,-1,297 м²,2,79853343064,р-н Залинейный,,улица Некрасова,,2024-04-22
Владис Новый Город,real_estate_agent,https://ramenskoye.cian.ru/sale/suburban/290157222/,Раменское,sale,suburban,house,9450000,2023,Газосиликатный блок,6 сот.,-1,-1,-1,-1,-1,-1,105 м²,1,79647961038,р-н Северный,м. Фабричная,,,2024-04-22
Яищу,real_estate_agent,https://ramenskoye.cian.ru/sale/suburban/299563386/,Раменское,sale,suburban,house,13000000,2024,-1,7 сот.,-1,-1,-1,-1,-1,-1,"142,5 м²",2,79191050480,р-н Северный,м. Раменское,улица Зимняя,127,2024-04-22
МОИС,real_estate_agent,https://ramenskoye.cian.ru/sale/suburban/282384860/,Раменское,sale,suburban,house,27000000,2011,Газосиликатный блок,8 сот.,-1,-1,-1,-1,-1,-1,-1,3,79660549108,,м. Ипподром,улица Весенняя,,2024-04-22
Авеню,real_estate_agent,https://ramenskoye.cian.ru/sale/suburban/296410159/,Раменское,sale,suburban,house,15000000,-1,-1,6 сот.,-1,-1,-1,-1,-1,-1,140 м²,2,79851485134,р-н Северный,м. Ипподром,,,2024-04-22
Твой Дом,real_estate_agent,https://ramenskoye.cian.ru/sale/suburban/299358167/,Раменское,sale,suburban,house,7498000,2024,Каркасный,6 сот.,-1,-1,-1,-1,-1,-1,90 м²,2,79856936624,р-н Северный,,,,2024-04-22
Эксперт,real_estate_agent,https://ramenskoye.cian.ru/sale/suburban/292466476/,Раменское,sale,suburban,house,13000000,2023,Газосиликатный блок,6 сот.,-1,-1,-1,-1,-1,-1,240 м²,2,79660584021,р-н Северный,м. Раменское,,,2024-04-22
АвиаН-Недвижимость,real_estate_agent,https://ramenskoye.cian.ru/sale/suburban/292717338/,Раменское,sale,suburban,house,12900000,2023,Газосиликатный блок,6 сот.,-1,-1,-1,-1,-1,-1,120 м²,1,79165722649,р-н Северный,м. Ипподром,улица Осенняя,,2024-04-22
Твой Дом,real_estate_agent,https://ramenskoye.cian.ru/sale/suburban/299927986/,Раменское,sale,suburban,house,7428200,2024,Каркасный,5 сот.,-1,-1,-1,-1,-1,-1,"100,6 м²",1,79856936624,р-н Северный,,улица Зимняя,,2024-04-22
Владис Новый Город,real_estate_agent,https://ramenskoye.cian.ru/sale/suburban/295759429/,Раменское,sale,suburban,house,11500000,2022,Кирпичный,6 сот.,-1,-1,-1,-1,-1,-1,179 м²,2,79647961038,р-н Северный,м. Фабричная,,,2024-04-22
ID 48969321,homeowner,https://ramenskoye.cian.ru/sale/suburban/289883107/,Раменское,sale,suburban,house,11999999,2022,Газобетонный блок,5 сот.,-1,-1,-1,-1,-1,-1,100 м²,1,79150915857,р-н Северный,,,,2024-04-22
Место,real_estate_agent,https://ramenskoye.cian.ru/sale/suburban/296409741/,Раменское,sale,suburban,house,35000000,1998,Кирпичный,18 сот.,-1,-1,-1,-1,-1,-1,321 м²,2,79645647590,р-н Залинейный,м. Раменское,Новая улица,2,2024-04-22
Авеню,real_estate_agent,https://ramenskoye.cian.ru/sale/suburban/299729954/,Раменское,sale,suburban,house,13500000,-1,Кирпичный,6 сот.,-1,-1,-1,-1,-1,-1,150 м²,2,79851485134,р-н Северный,м. Раменское,,,2024-04-22
Ирина Воробьева,realtor,https://ramenskoye.cian.ru/sale/suburban/297640938/,Раменское,sale,suburban,house,12000000,2023,Кирпичный,"6,17 сот.",-1,-1,-1,-1,-1,-1,"106,3 м²",1,79855799040,р-н Северный,м. Раменское,улица Егорьевская,4,2024-04-22
ID 300430,realtor,https://ramenskoye.cian.ru/sale/suburban/300987330/,Раменское,sale,suburban,house,15000000,-1,-1,6 сот.,-1,-1,-1,-1,-1,-1,145 м²,2,79099972728,р-н Северный,м. Ипподром,,,2024-04-22
Alexander Estate,real_estate_agent,https://ramenskoye.cian.ru/sale/suburban/299341902/,Раменское,sale,suburban,house,15750000,-1,Деревянный,21 сот.,-1,-1,-1,-1,-1,-1,79 м²,1,79162891487,р-н Залинейный,м. Раменское,Москворецкая улица,35,2024-04-22
Твой Дом,real_estate_agent,https://ramenskoye.cian.ru/sale/suburban/300908113/,Раменское,sale,suburban,house,8650000,2024,Каркасный,5 сот.,-1,-1,-1,-1,-1,-1,110 м²,2,79168833327,р-н Северный,м. Ипподром,,,2024-04-22
Дмитрий Туктамышев,realtor,https://ramenskoye.cian.ru/sale/suburban/292543429/,Раменское,sale,suburban,house,42000000,2016,-1,11 сот.,-1,-1,-1,-1,-1,-1,540 м²,3,79057534854,,м. Ипподром,улица Треугольная,1,2024-04-22
Авеню,real_estate_agent,https://ramenskoye.cian.ru/sale/suburban/296092646/,Раменское,sale,suburban,house,15000000,-1,Кирпичный,7 сот.,-1,-1,-1,-1,-1,-1,130 м²,2,79851485134,р-н Центральный,м. Раменское,,,2024-04-22
ID 113459958,homeowner,https://ramenskoye.cian.ru/sale/suburban/298749386/,Раменское,sale,suburban,house,11450000,2022,Каркасный,"6,18 сот.",-1,-1,-1,-1,-1,-1,73 м²,1,79854329860,р-н Залинейный,м. Раменское,Краснознаменская улица,54,2024-04-22
Авеню,real_estate_agent,https://ramenskoye.cian.ru/sale/suburban/275993797/,Раменское,sale,suburban,house,14000000,-1,Кирпичный,7 сот.,-1,-1,-1,-1,-1,-1,130 м²,2,79851485134,р-н Северный,м. Ипподром,,,2024-04-22
Сергей Лукиянов,realtor,https://ramenskoye.cian.ru/sale/suburban/292486544/,Раменское,sale,suburban,house,14000000,-1,-1,7 сот.,-1,-1,-1,-1,-1,-1,140 м²,-1,79653301617,р-н Северный,м. Ипподром,,,2024-04-22
Сергей Митрофанов,realtor,https://ramenskoye.cian.ru/sale/suburban/279589120/,Раменское,sale,suburban,house,13500000,2024,Газобетонный блок,"7,5 сот.",-1,-1,-1,-1,-1,-1,166 м²,2,79651428035,р-н Северный,м. Ипподром,улица Серебряная,,2024-04-22
Твой Дом,real_estate_agent,https://ramenskoye.cian.ru/sale/suburban/300632641/,Раменское,sale,suburban,house,7950000,2024,Каркасный,5 сот.,-1,-1,-1,-1,-1,-1,90 м²,2,79672093612,р-н Северный,,улица Зимняя,,2024-04-22
Владис Новый Город,real_estate_agent,https://ramenskoye.cian.ru/sale/suburban/289771707/,Раменское,sale,suburban,house,12499999,2023,Газосиликатный блок,6 сот.,-1,-1,-1,-1,-1,-1,175 м²,2,79647961038,р-н Северный,м. Фабричная,,,2024-04-22
ГАРАНТ,real_estate_agent,https://ramenskoye.cian.ru/sale/suburban/299330595/,Раменское,sale,suburban,house,18000000,-1,Деревянный,26 сот.,-1,-1,-1,-1,-1,-1,75 м²,2,79801310702,р-н Залинейный,,Полевая улица,2,2024-04-22
Авеню,real_estate_agent,https://ramenskoye.cian.ru/sale/suburban/299729957/,Раменское,sale,suburban,house,15000000,-1,-1,6 сот.,-1,-1,-1,-1,-1,-1,130 м²,2,79851485134,р-н Северный,м. Фабричная,,,2024-04-22
Комфорт,real_estate_agent,https://ramenskoye.cian.ru/sale/suburban/291831962/,Раменское,sale,suburban,house,50000000,-1,Кирпичный,10 сот.,-1,-1,-1,-1,-1,-1,277 м²,2,79166728249,р-н Западный,м. Есенинская,Сосновая улица,,2024-04-22
Владис Новый Город,real_estate_agent,https://ramenskoye.cian.ru/sale/suburban/295857262/,Раменское,sale,suburban,house,9440000,2022,Газосиликатный блок,6 сот.,-1,-1,-1,-1,-1,-1,140 м²,2,79647961038,р-н Северный,м. Ипподром,,,2024-04-22
Кредит-Центр Недвижимость,real_estate_agent,https://ramenskoye.cian.ru/sale/suburban/300066473/,Раменское,sale,suburban,house,13900000,2023,Блочный,"8,88 сот.",-1,-1,-1,-1,-1,-1,-1,1,79660588922,р-н Северный,м. Ипподром,улица Сергея Белокурова,,2024-04-22
ИП Шишкина М. Е.,real_estate_agent,https://ramenskoye.cian.ru/sale/suburban/296077926/,Раменское,sale,suburban,house,11900000,2023,Пенобетонный блок,6 сот.,-1,-1,-1,-1,-1,-1,110 м²,1,79660623376,р-н Северный,м. Раменское,,,2024-04-22
Твой Дом,real_estate_agent,https://ramenskoye.cian.ru/sale/suburban/300724829/,Раменское,sale,suburban,house,7950000,2024,Каркасный,5 сот.,-1,-1,-1,-1,-1,-1,90 м²,2,79168833327,р-н Северный,м. Ипподром,,,2024-04-22
Елена Кечко,realtor,https://ramenskoye.cian.ru/sale/suburban/292440718/,Раменское,sale,suburban,house,17000000,2010,Деревянный,"8,03 сот.",-1,-1,-1,-1,-1,-1,"84,7 м²",2,79660270560,р-н Северный,м. Ипподром,улица Березовая,,2024-04-22
УЮТ,real_estate_agent,https://ramenskoye.cian.ru/sale/suburban/281294386/,Раменское,sale,suburban,house,13000000,-1,Деревянный,"6,3 сот.",-1,-1,-1,-1,-1,-1,82 м²,1,79651090214,р-н Центральный,м. Ипподром,Перовский проезд,20,2024-04-22
Татьяна Антошкина,realtor,https://ramenskoye.cian.ru/sale/suburban/300622052/,Раменское,sale,suburban,house,12000000,2023,Газосиликатный блок,6 сот.,-1,-1,-1,-1,-1,-1,130 м²,2,79647926526,р-н Северный,м. Раменское,,,2024-04-22
МОИС,real_estate_agent,https://ramenskoye.cian.ru/sale/suburban/282636144/,Раменское,sale,suburban,house,18000000,2020,Монолитный,4 сот.,-1,-1,-1,-1,-1,-1,-1,3,79660549108,,м. Ипподром,улица Солнечная,,2024-04-22
ID 23771621,homeowner,https://ramenskoye.cian.ru/sale/suburban/277668839/,Раменское,sale,suburban,house,15500000,2022,Газобетонный блок,7 сот.,-1,-1,-1,-1,-1,-1,160 м²,2,79645851107,р-н Северный,м. Котельники,улица Лазурная,,2024-04-22
Авеню,real_estate_agent,https://ramenskoye.cian.ru/sale/suburban/298003423/,Раменское,sale,suburban,house,11500000,-1,Кирпичный,6 сот.,-1,-1,-1,-1,-1,-1,120 м²,1,79851485134,р-н Северный,м. Ипподром,,,2024-04-22
ДОМУС,real_estate_agent,https://ramenskoye.cian.ru/sale/suburban/293719886/,Раменское,sale,suburban,house,27000000,-1,Блочный,10 сот.,-1,-1,-1,-1,-1,-1,190 м²,2,79623688696,р-н Залинейный,,улица Весенняя,16А,2024-04-22
ID 105459681,homeowner,https://ramenskoye.cian.ru/sale/suburban/299212474/,Раменское,sale,suburban,house,15000000,-1,Кирпичный,10 сот.,-1,-1,-1,-1,-1,-1,100 м²,1,79651092989,р-н Залинейный,м. Фабричная,улица 100-й Свирской Дивизии,16,2024-04-22
Владис Новый Город,real_estate_agent,https://ramenskoye.cian.ru/sale/suburban/300333163/,Раменское,sale,suburban,house,14990000,1988,Кирпичный,10 сот.,-1,-1,-1,-1,-1,-1,"93,6 м²",1,79647961038,р-н Залинейный,м. Фабричная,Пехорский переулок,2,2024-04-22
ДОМУС,real_estate_agent,https://ramenskoye.cian.ru/sale/suburban/298136315/,Раменское,sale,suburban,house,10999999,-1,Блочный,6 сот.,-1,-1,-1,-1,-1,-1,-1,1,79855442174,р-н Северный,,,,2024-04-22
ID 110470146,realtor,https://ramenskoye.cian.ru/sale/suburban/300687664/,Раменское,sale,suburban,house,23000000,2010,Деревянный,11 сот.,-1,-1,-1,-1,-1,-1,180 м²,2,79660273759,р-н Залинейный,м. Раменское,Донской переулок,12,2024-04-22
Комфорт,real_estate_agent,https://ramenskoye.cian.ru/sale/suburban/291459431/,Раменское,sale,suburban,house,12900000,2023,Пенобетонный блок,6 сот.,-1,-1,-1,-1,-1,-1,118 м²,1,79166728249,р-н Северный,м. Раменское,,,2024-04-22
Владис Новый Город,real_estate_agent,https://ramenskoye.cian.ru/sale/suburban/299283799/,Раменское,sale,suburban,house,12900000,2023,Газосиликатный блок,6 сот.,-1,-1,-1,-1,-1,-1,120 м²,1,79647961038,р-н Северный,м. Раменское,,,2024-04-22
Твой Дом,real_estate_agent,https://ramenskoye.cian.ru/sale/suburban/300458301/,Раменское,sale,suburban,house,8200000,2024,Каркасный,5 сот.,-1,-1,-1,-1,-1,-1,100 м²,2,79168833327,р-н Северный,,,,2024-04-22
ГАРАНТ,real_estate_agent,https://ramenskoye.cian.ru/sale/suburban/300548883/,Раменское,sale,suburban,house,14790000,-1,Кирпичный,8 сот.,-1,-1,-1,-1,-1,-1,"232,8 м²",2,79166421349,р-н Северный,м. Ипподром,,,2024-04-22
Яищу,real_estate_agent,https://ramenskoye.cian.ru/sale/suburban/290064279/,Раменское,sale,suburban,house,12000000,2023,-1,5 сот.,-1,-1,-1,-1,-1,-1,"75,5 м²",1,79853017955,р-н Северный,м. Ипподром,,,2024-04-22
ID 13231904,homeowner,https://ramenskoye.cian.ru/sale/suburban/288616833/,Раменское,sale,suburban,house,12000000,2022,Газобетонный блок,5 сот.,-1,-1,-1,-1,-1,-1,100 м²,1,79651098194,р-н Северный,,,,2024-04-22
ID 13388451,unknown,https://ramenskoye.cian.ru/sale/suburban/298749149/,Раменское,sale,suburban,house,12000000,2023,Газосиликатный блок,7 сот.,-1,-1,-1,-1,-1,-1,-1,2,79652743723,р-н Северный,м. Раменское,улица Зимняя,,2024-04-22
Твой Дом,real_estate_agent,https://ramenskoye.cian.ru/sale/suburban/300328150/,Раменское,sale,suburban,house,8650000,2023,Каркасный,5 сот.,-1,-1,-1,-1,-1,-1,110 м²,2,79154736260,р-н Северный,,,,2024-04-22
ID 133603,homeowner,https://ramenskoye.cian.ru/sale/suburban/280680051/,Раменское,sale,suburban,house,13000000,1967,Деревянный,"6,3 сот.",-1,-1,-1,-1,-1,-1,82 м²,1,79652755782,р-н Центральный,м. Ипподром,Перовский проезд,20,2024-04-22
Твой Дом,real_estate_agent,https://ramenskoye.cian.ru/sale/suburban/300807253/,Раменское,sale,suburban,house,8650000,2023,Каркасный,5 сот.,-1,-1,-1,-1,-1,-1,110 м²,2,79154736260,р-н Северный,м. Ипподром,,,2024-04-22
ГАРАНТ,real_estate_agent,https://ramenskoye.cian.ru/sale/suburban/298977143/,Раменское,sale,suburban,house,19000000,-1,Блочный,"6,5 сот.",-1,-1,-1,-1,-1,-1,"286,2 м²",2,79166421349,р-н Залинейный,,улица 100-й Свирской Дивизии,,2024-04-22
ID 99049617,homeowner,https://ramenskoye.cian.ru/sale/suburban/289124721/,Раменское,sale,suburban,house,47000000,2002,Кирпичный,"9,9 сот.",-1,-1,-1,-1,-1,-1,272 м²,2,79647821120,р-н Западный,,Сосновая улица,11/1,2024-04-22
ГАРАНТ,real_estate_agent,https://ramenskoye.cian.ru/sale/suburban/300548890/,Раменское,sale,suburban,house,19490000,-1,Кирпичный,8 сот.,-1,-1,-1,-1,-1,-1,"232,8 м²",2,79166421349,р-н Северный,м. Ипподром,,,2024-04-22
ГАРАНТ,real_estate_agent,https://ramenskoye.cian.ru/sale/suburban/300548886/,Раменское,sale,suburban,house,18000000,-1,Кирпичный,8 сот.,-1,-1,-1,-1,-1,-1,"232,5 м²",2,79166421349,р-н Северный,м. Ипподром,,,2024-04-22
Этажи Воскресенск-Раменское,real_estate_agent,https://ramenskoye.cian.ru/sale/suburban/296790478/,Раменское,sale,suburban,house-part,8200000,-1,-1,"4,4 сот.",-1,-1,-1,-1,-1,-1,77 м²,-1,79154108344,р-н Северный,м. Ипподром,,,2024-04-22
Самолет Плюс Москва Дмитриевского,real_estate_agent,https://ramenskoye.cian.ru/sale/suburban/292320792/,Раменское,sale,suburban,house-part,3600000,-1,-1,4 сот.,-1,-1,-1,-1,-1,-1,56 м²,-1,79150047713,р-н Залинейный,м. Раменское,улица 100-й Свирской Дивизии,,2024-04-22
Юлия Година,realtor,https://ramenskoye.cian.ru/sale/suburban/291905489/,Раменское,sale,suburban,house-part,3500000,1940,Деревянный,4 сот.,-1,-1,-1,-1,-1,-1,56 м²,1,79164710633,р-н Залинейный,м. Раменское,улица 100-й Свирской Дивизии,38,2024-04-22
АМТ - недвижимость,real_estate_agent,https://ramenskoye.cian.ru/sale/suburban/300052084/,Раменское,sale,suburban,house-part,4200000,-1,Кирпичный,"12,5 сот.",-1,-1,-1,-1,-1,-1,"89,6 м²",-1,79151431947,р-н Западный,м. Есенинская,Дачная улица,49,2024-04-22
ID 360347,realtor,https://ramenskoye.cian.ru/sale/suburban/290843639/,Раменское,sale,suburban,house-part,8300000,-1,Деревянный,12 сот.,-1,-1,-1,-1,-1,-1,153 м²,2,79150302435,р-н Залинейный,м. Есенинская,улица Алексея Перелета,30,2024-04-22
Комфорт,real_estate_agent,https://ramenskoye.cian.ru/sale/suburban/293899253/,Раменское,sale,suburban,house-part,5500000,-1,Кирпичный,6 сот.,-1,-1,-1,-1,-1,-1,84 м²,1,79060428524,р-н Залинейный,м. Раменское,Дунайская улица,8,2024-04-22
Владис Новый Город,real_estate_agent,https://ramenskoye.cian.ru/sale/suburban/296120359/,Раменское,sale,suburban,house-part,6000000,-1,Кирпичный,"3,67 сот.",-1,-1,-1,-1,-1,-1,48 м²,-1,79647961038,р-н Залинейный,м. Есенинская,Продольная улица,5,2024-04-22
Владис Новый Город,real_estate_agent,https://ramenskoye.cian.ru/sale/suburban/299984282/,Раменское,sale,suburban,house-part,7990000,-1,Деревянный,"11,5 сот.",-1,-1,-1,-1,-1,-1,50 м²,-1,79647961038,р-н Залинейный,м. Раменское,Москворецкая улица,19,2024-04-22
ID 80982979,homeowner,https://ramenskoye.cian.ru/sale/suburban/297907017/,Раменское,sale,suburban,house-part,9500000,2014,Каркасный,"4,4 сот.",-1,-1,-1,-1,-1,-1,118 м²,2,79660627977,р-н Северный,м. Ипподром,улица Ладная,14,2024-04-22
Золотые Ключи,real_estate_agent,https://ramenskoye.cian.ru/sale/suburban/297751919/,Раменское,sale,suburban,house-part,12490000,-1,-1,"2,3 сот.",-1,-1,-1,-1,-1,-1,148 м²,-1,79153142503,р-н Залинейный,,улица Революции,26а,2024-04-22
Владис Новый Город,real_estate_agent,https://ramenskoye.cian.ru/sale/suburban/296566112/,Раменское,sale,suburban,house-part,15150000,-1,Газосиликатный блок,5 сот.,-1,-1,-1,-1,-1,-1,150 м²,-1,79647961038,р-н Залинейный,м. Фабричная,улица Щукина,28,2024-04-22
Ольга Кардакова,realtor,https://ramenskoye.cian.ru/sale/suburban/274707240/,Раменское,sale,suburban,house-part,5900000,-1,-1,644 сот.,-1,-1,-1,-1,-1,-1,"89,5 м²",1,79855695977,,,,,2024-04-22
ID 89316951,homeowner,https://ramenskoye.cian.ru/sale/suburban/287872740/,Раменское,sale,suburban,house-part,6000000,-1,Кирпичный,"3,67 сот.",-1,-1,-1,-1,-1,-1,48 м²,2,79856180889,р-н Залинейный,м. Котельники,Продольная улица,5,2024-04-22
МОИС,real_estate_agent,https://ramenskoye.cian.ru/sale/suburban/287033185/,Раменское,sale,suburban,house-part,8500000,-1,Деревянный,"10,78 сот.",-1,-1,-1,-1,-1,-1,81 м²,1,79660549108,,,улица Маяковского,,2024-04-22
Марина Акритиди,realtor,https://ramenskoye.cian.ru/sale/suburban/300620373/,Раменское,sale,suburban,house-part,6300000,-1,Деревянный,"7,45 сот.",-1,-1,-1,-1,-1,-1,"89,8 м²",1,79175136598,,,улица Щорса,,2024-04-22
Владис Новый Город,real_estate_agent,https://ramenskoye.cian.ru/sale/suburban/296269436/,Раменское,sale,suburban,house-part,7200000,2022,Каркасный,5 сот.,-1,-1,-1,-1,-1,-1,147 м²,1,79647961038,,,улица Чкалова,4А,2024-04-22
Центральное,real_estate_agent,https://ramenskoye.cian.ru/sale/suburban/299557790/,Раменское,sale,suburban,house-part,8897000,2015,Пенобетонный блок,"3,3 сот.",-1,-1,-1,-1,-1,-1,"103,3 м²",2,79057159228,,,переулок Луговой,,2024-04-22
Кредит Центр,real_estate_agent,https://ramenskoye.cian.ru/sale/suburban/300468045/,Раменское,sale,suburban,house-part,9999000,1980,Деревянный,787 сот.,-1,-1,-1,-1,-1,-1,90 м²,1,79660617340,,,улица 40 лет Октября,,2024-04-22
Леонид Каракула,realtor,https://ramenskoye.cian.ru/sale/suburban/285712908/,Раменское,sale,suburban,house-part,6000000,-1,Газосиликатный блок,"1,2 сот.",-1,-1,-1,-1,-1,-1,72 м²,2,79661667757,,,улица Трудовая,,2024-04-22
ID 40213943,unknown,https://ramenskoye.cian.ru/sale/suburban/300424386/,Раменское,sale,suburban,house-part,7500000,2007,Деревянный,11 сот.,-1,-1,-1,-1,-1,-1,"64,6 м²",1,79163851346,,,улица Щорса,,2024-04-22
Загородный Мир,real_estate_agent,https://ramenskoye.cian.ru/sale/suburban/252603618/,Раменское,sale,suburban,house-part,9500000,2003,Деревянный,10 сот.,-1,-1,-1,-1,-1,-1,488 м²,1,79686506563,,,улица Карпинского,1Б,2024-04-22
ID 25846809,homeowner,https://ramenskoye.cian.ru/sale/suburban/297693311/,Раменское,sale,suburban,house-part,7100000,-1,Деревянный,6 сот.,-1,-1,-1,-1,-1,-1,17 м²,1,79661093601,,,,,2024-04-22
Своя Земля,real_estate_agent,https://ramenskoye.cian.ru/sale/suburban/299007976/,Раменское,sale,suburban,land-plot,1501500,-1,-1,-1,ИЖС,-1,-1,-1,-1,-1,-1,-1,79647906930,р-н Северный,,,,2024-04-22
Своя Земля,developer,https://ramenskoye.cian.ru/sale/suburban/286340263/,Раменское,sale,suburban,land-plot,5064000,-1,-1,-1,-1,-1,-1,-1,-1,-1,-1,-1,79647857031,р-н Северный,м. Ипподром,,,2024-04-22
ID 84527690,realtor,https://ramenskoye.cian.ru/sale/suburban/300570680/,Раменское,sale,suburban,land-plot,2950000,-1,-1,-1,ИЖС,-1,-1,-1,-1,-1,-1,-1,79623687486,,,улица Березки,,2024-04-22
Своя Земля,real_estate_agent,https://ramenskoye.cian.ru/sale/suburban/299365827/,Раменское,sale,suburban,land-plot,1671675,-1,-1,-1,ИЖС,-1,-1,-1,-1,-1,-1,-1,79647906930,р-н Северный,,,,2024-04-22
Своя Земля,developer,https://ramenskoye.cian.ru/sale/suburban/286340268/,Раменское,sale,suburban,land-plot,3836000,-1,-1,-1,-1,-1,-1,-1,-1,-1,-1,-1,79647857031,р-н Северный,м. Ипподром,,,2024-04-22
Елена Юхман,realtor,https://ramenskoye.cian.ru/sale/suburban/294467478/,Раменское,sale,suburban,land-plot,1650000,-1,-1,-1,Садоводство,-1,-1,-1,-1,-1,-1,-1,79660639543,р-н Центральный,м. Ипподром,,,2024-04-22
Своя Земля,real_estate_agent,https://ramenskoye.cian.ru/sale/suburban/300280953/,Раменское,sale,suburban,land-plot,1853025,-1,-1,-1,ИЖС,-1,-1,-1,-1,-1,-1,-1,79647906930,р-н Северный,,,,2024-04-22
Своя Земля,developer,https://ramenskoye.cian.ru/sale/suburban/286339891/,Раменское,sale,suburban,land-plot,2820000,-1,-1,-1,-1,-1,-1,-1,-1,-1,-1,-1,79647857031,р-н Северный,м. Ипподром,,,2024-04-22
ID 27265201,homeowner,https://ramenskoye.cian.ru/sale/suburban/287966413/,Раменское,sale,suburban,land-plot,8400000,-1,-1,-1,ИЖС,-1,-1,-1,-1,-1,-1,-1,79661615270,р-н Западный,м. Есенинская,Северная улица,4/1,2024-04-22
Своя Земля,real_estate_agent,https://ramenskoye.cian.ru/sale/suburban/289642105/,Раменское,sale,suburban,land-plot,1893150,-1,-1,-1,ИЖС,-1,-1,-1,-1,-1,-1,-1,79647906930,р-н Северный,,,,2024-04-22
Своя Земля,developer,https://ramenskoye.cian.ru/sale/suburban/286339847/,Раменское,sale,suburban,land-plot,5082000,-1,-1,-1,-1,-1,-1,-1,-1,-1,-1,-1,79647857031,р-н Северный,м. Ипподром,,,2024-04-22
Ирина Воробьева,realtor,https://ramenskoye.cian.ru/sale/suburban/279355647/,Раменское,sale,suburban,land-plot,1574025,-1,-1,-1,Садоводство,-1,-1,-1,-1,-1,-1,-1,79166980962,р-н Северный,м. Фабричная,,,2024-04-22
Своя Земля,real_estate_agent,https://ramenskoye.cian.ru/sale/suburban/288360412/,Раменское,sale,suburban,land-plot,1386000,-1,-1,-1,ИЖС,-1,-1,-1,-1,-1,-1,-1,79647906930,р-н Северный,,,,2024-04-22
ГАРАНТ,real_estate_agent,https://ramenskoye.cian.ru/sale/suburban/299330598/,Раменское,sale,suburban,land-plot,850000,-1,-1,-1,ИЖС,-1,-1,-1,-1,-1,-1,-1,79801310702,р-н Северный,м. Ипподром,,,2024-04-22
Своя Земля,real_estate_agent,https://ramenskoye.cian.ru/sale/suburban/288368804/,Раменское,sale,suburban,land-plot,1575000,-1,-1,-1,ИЖС,-1,-1,-1,-1,-1,-1,-1,79647906930,р-н Северный,,,,2024-04-22
Михаил Мальцев,realtor,https://ramenskoye.cian.ru/sale/suburban/300378305/,Раменское,sale,suburban,land-plot,2700000,-1,-1,-1,ИЖС,-1,-1,-1,-1,-1,-1,-1,79623610161,р-н Северный,м. Ипподром,улица Ореховая,20,2024-04-22
Своя Земля,real_estate_agent,https://ramenskoye.cian.ru/sale/suburban/300686716/,Раменское,sale,suburban,land-plot,2475000,-1,-1,-1,ИЖС,-1,-1,-1,-1,-1,-1,-1,79647906930,р-н Северный,,улица Июльская,,2024-04-22
ID 20122,realtor,https://ramenskoye.cian.ru/sale/suburban/300030947/,Раменское,sale,suburban,land-plot,4990000,-1,-1,-1,ИЖС,-1,-1,-1,-1,-1,-1,-1,79106510117,р-н Залинейный,м. Раменское,Краснознаменская улица,25,2024-04-22
Своя Земля,real_estate_agent,https://ramenskoye.cian.ru/sale/suburban/300589346/,Раменское,sale,suburban,land-plot,1800000,-1,-1,-1,ИЖС,-1,-1,-1,-1,-1,-1,-1,79647906930,р-н Северный,,,,2024-04-22
ИП Шишкина М. Е.,real_estate_agent,https://ramenskoye.cian.ru/sale/suburban/289166113/,Раменское,sale,suburban,land-plot,2700000,-1,-1,-1,Садоводство,-1,-1,-1,-1,-1,-1,-1,79660622686,р-н Западный,м. Есенинская,улица Буденного,,2024-04-22
Своя Земля,real_estate_agent,https://ramenskoye.cian.ru/sale/suburban/298510352/,Раменское,sale,suburban,land-plot,2691000,-1,-1,-1,ИЖС,-1,-1,-1,-1,-1,-1,-1,79647906930,р-н Северный,,,,2024-04-22
Ирина Воробьева,realtor,https://ramenskoye.cian.ru/sale/suburban/298369319/,Раменское,sale,suburban,land-plot,1995000,-1,-1,-1,ИЖС,-1,-1,-1,-1,-1,-1,-1,79166980962,р-н Северный,м. Фабричная,,,2024-04-22
Своя Земля,real_estate_agent,https://ramenskoye.cian.ru/sale/suburban/287717513/,Раменское,sale,suburban,land-plot,1995000,-1,-1,-1,ИЖС,-1,-1,-1,-1,-1,-1,-1,79647906930,р-н Северный,,,,2024-04-22
Вадим Шунаев,realtor,https://ramenskoye.cian.ru/sale/suburban/300231631/,Раменское,sale,suburban,land-plot,4200000,-1,-1,-1,-1,-1,-1,-1,-1,-1,-1,-1,79660625020,р-н Западный,м. Есенинская,улица Буденного,,2024-04-22
Своя Земля,real_estate_agent,https://ramenskoye.cian.ru/sale/suburban/300589353/,Раменское,sale,suburban,land-plot,2483250,-1,-1,-1,ИЖС,-1,-1,-1,-1,-1,-1,-1,79647906930,р-н Северный,,,,2024-04-22
ID 101464155,realtor,https://ramenskoye.cian.ru/sale/suburban/294030904/,Раменское,sale,suburban,land-plot,8300000,-1,-1,-1,ЛПХ,-1,-1,-1,-1,-1,-1,-1,79096545745,р-н Залинейный,м. Есенинская,переулок 2-й Некрасовский,,2024-04-22
Своя Земля,real_estate_agent,https://ramenskoye.cian.ru/sale/suburban/297529627/,Раменское,sale,suburban,land-plot,1860000,-1,-1,-1,ИЖС,-1,-1,-1,-1,-1,-1,-1,79647906930,р-н Северный,,,,2024-04-22
Марина Корытная,realtor,https://ramenskoye.cian.ru/sale/suburban/296518503/,Раменское,sale,suburban,land-plot,1995000,-1,-1,-1,ИЖС,-1,-1,-1,-1,-1,-1,-1,79151571581,р-н Северный,,,,2024-04-22
Своя Земля,real_estate_agent,https://ramenskoye.cian.ru/sale/suburban/301059801/,Раменское,sale,suburban,land-plot,2792625,-1,-1,-1,ИЖС,-1,-1,-1,-1,-1,-1,-1,79647906930,р-н Северный,м. Ипподром,,,2024-04-22
Марина Корытная,realtor,https://ramenskoye.cian.ru/sale/suburban/300571683/,Раменское,sale,suburban,land-plot,1995000,-1,-1,-1,ИЖС,-1,-1,-1,-1,-1,-1,-1,79151571581,р-н Северный,,,,2024-04-22
Своя Земля,real_estate_agent,https://ramenskoye.cian.ru/sale/suburban/300589351/,Раменское,sale,suburban,land-plot,2022000,-1,-1,-1,ИЖС,-1,-1,-1,-1,-1,-1,-1,79647906930,р-н Северный,,,,2024-04-22
ID 67729387,realtor,https://ramenskoye.cian.ru/sale/suburban/300048717/,Раменское,sale,suburban,land-plot,12000000,-1,-1,-1,ИЖС,-1,-1,-1,-1,-1,-1,-1,79150811786,р-н Центральный,,Лесная улица,35,2024-04-22
Своя Земля,real_estate_agent,https://ramenskoye.cian.ru/sale/suburban/300589354/,Раменское,sale,suburban,land-plot,2115000,-1,-1,-1,ИЖС,-1,-1,-1,-1,-1,-1,-1,79647906930,р-н Северный,,улица Декабрьская,,2024-04-22
ИП Шишкина М. Е.,real_estate_agent,https://ramenskoye.cian.ru/sale/suburban/283906134/,Раменское,sale,suburban,land-plot,4200000,-1,-1,-1,-1,-1,-1,-1,-1,-1,-1,-1,79660622686,р-н Западный,м. Есенинская,улица Буденного,,2024-04-22
Наталья Ермилова,realtor,https://ramenskoye.cian.ru/sale/suburban/300191016/,Раменское,sale,suburban,land-plot,3650000,-1,-1,-1,ИЖС,-1,-1,-1,-1,-1,-1,-1,79660359562,р-н Северный,м. Ипподром,,,2024-04-22
Марина Корытная,realtor,https://ramenskoye.cian.ru/sale/suburban/296518340/,Раменское,sale,suburban,land-plot,1808100,-1,-1,-1,ИЖС,-1,-1,-1,-1,-1,-1,-1,79151571581,р-н Северный,,,,2024-04-22
Михаил Мальцев,realtor,https://ramenskoye.cian.ru/sale/suburban/300378624/,Раменское,sale,suburban,land-plot,3500000,-1,-1,-1,ИЖС,-1,-1,-1,-1,-1,-1,-1,79623610161,р-н Северный,м. Ипподром,улица Удачная,,2024-04-22
ID 17095271,realtor,https://ramenskoye.cian.ru/sale/suburban/301057931/,Раменское,sale,suburban,land-plot,2350000,-1,-1,-1,ИЖС,-1,-1,-1,-1,-1,-1,-1,79857429694,р-н Северный,м. Ипподром,,,2024-04-22
Владис Новый Город,real_estate_agent,https://ramenskoye.cian.ru/sale/suburban/299281364/,Раменское,sale,suburban,land-plot,9900000,-1,-1,-1,ИЖС,-1,-1,-1,-1,-1,-1,-1,79647961038,,м. Ипподром,,,2024-04-22
ID 80282781,homeowner,https://ramenskoye.cian.ru/sale/suburban/296355994/,Раменское,sale,suburban,land-plot,3700000,-1,-1,-1,ИЖС,-1,-1,-1,-1,-1,-1,-1,79167278569,р-н Северный,,улица Осенняя,,2024-04-22
Кредит-Центр Недвижимость,real_estate_agent,https://ramenskoye.cian.ru/sale/suburban/300571696/,Раменское,sale,suburban,land-plot,4615000,-1,-1,-1,ИЖС,-1,-1,-1,-1,-1,-1,-1,79660588922,р-н Северный,м. Ипподром,,,2024-04-22
ID 49041822,homeowner,https://ramenskoye.cian.ru/sale/suburban/300815985/,Раменское,sale,suburban,land-plot,4600000,-1,-1,-1,ИЖС,-1,-1,-1,-1,-1,-1,-1,79660617345,р-н Северный,м. Ипподром,улица Серебряная,,2024-04-22
АЛЬТЕРНАТИВА,real_estate_agent,https://ramenskoye.cian.ru/sale/suburban/293835218/,Раменское,sale,suburban,land-plot,4500000,-1,-1,-1,ИЖС,-1,-1,-1,-1,-1,-1,-1,79166742577,р-н Северный,м. Ипподром,улица 2-я Серебряная,,2024-04-22
ID 62199188,homeowner,https://ramenskoye.cian.ru/sale/suburban/291594442/,Раменское,sale,suburban,land-plot,2000000,-1,-1,-1,ИЖС,-1,-1,-1,-1,-1,-1,-1,79660472915,,м. Ипподром,улица Дальняя,23,2024-04-22
Михаил Мальцев,realtor,https://ramenskoye.cian.ru/sale/suburban/297354376/,Раменское,sale,suburban,land-plot,2200000,-1,-1,-1,Садоводство,-1,-1,-1,-1,-1,-1,-1,79623610161,р-н Северный,м. Ипподром,,,2024-04-22
Ольга Валевская,realtor,https://ramenskoye.cian.ru/sale/suburban/300063196/,Раменское,sale,suburban,land-plot,2800000,-1,-1,-1,ИЖС,-1,-1,-1,-1,-1,-1,-1,79104007258,р-н Северный,м. Раменское,,,2024-04-22
Владис Новый Город,real_estate_agent,https://ramenskoye.cian.ru/sale/suburban/300070875/,Раменское,sale,suburban,land-plot,4000000,-1,-1,-1,ИЖС,-1,-1,-1,-1,-1,-1,-1,79647961038,р-н Северный,м. Ипподром,улица Новой Жизни,,2024-04-22
ID 65097835,homeowner,https://ramenskoye.cian.ru/sale/suburban/297150820/,Раменское,sale,suburban,land-plot,2640000,-1,-1,-1,ИЖС,-1,-1,-1,-1,-1,-1,-1,79660644322,р-н Северный,,улица Июньская,66,2024-04-22
Владис Новый Город,real_estate_agent,https://ramenskoye.cian.ru/sale/suburban/299472505/,Раменское,sale,suburban,land-plot,3560000,-1,-1,-1,ИЖС,-1,-1,-1,-1,-1,-1,-1,79647961038,,м. Ипподром,,,2024-04-22
Елена Юхман,realtor,https://ramenskoye.cian.ru/sale/suburban/285950406/,Раменское,sale,suburban,land-plot,3040000,-1,-1,-1,ИЖС,-1,-1,-1,-1,-1,-1,-1,79660639543,р-н Северный,м. Раменское,улица Зимняя,,2024-04-22
Комфорт,real_estate_agent,https://ramenskoye.cian.ru/sale/suburban/300946843/,Раменское,sale,suburban,land-plot,7100000,-1,-1,-1,ИЖС,-1,-1,-1,-1,-1,-1,-1,79166728249,р-н Северный,м. Ипподром,улица 2-я Серебряная,,2024-04-22
ID 76466742,homeowner,https://ramenskoye.cian.ru/sale/suburban/294967228/,Раменское,sale,suburban,land-plot,19000000,-1,-1,-1,ИЖС,-1,-1,-1,-1,-1,-1,-1,79167364614,р-н Залинейный,м. Раменское,улица Николая Морозова,33,2024-04-22
Владис Новый Город,real_estate_agent,https://ramenskoye.cian.ru/sale/suburban/298267051/,Раменское,sale,suburban,land-plot,3200000,-1,-1,-1,ИЖС,-1,-1,-1,-1,-1,-1,-1,79647961038,р-н Северный,м. Ипподром,улица Суворова,,2024-04-22
Владис Новый Город,real_estate_agent,https://ramenskoye.cian.ru/sale/suburban/298821726/,Раменское,sale,suburban,land-plot,2500000,-1,-1,-1,ИЖС,-1,-1,-1,-1,-1,-1,-1,79647961038,р-н Северный,м. Ипподром,,,2024-04-22
ID 97524904,unknown,https://ramenskoye.cian.ru/sale/suburban/300476346/,Раменское,sale,suburban,land-plot,1710000,-1,-1,-1,ИЖС,-1,-1,-1,-1,-1,-1,-1,79257254508,р-н Северный,,,,2024-04-22
Яищу,real_estate_agent,https://ramenskoye.cian.ru/sale/suburban/300560247/,Раменское,sale,suburban,land-plot,2100000,-1,-1,-1,ИЖС,-1,-1,-1,-1,-1,-1,-1,79639696534,р-н Северный,м. Есенинская,улица Брусничная,,2024-04-22
БЕЛЯК И ПАРТНЕРЫ,real_estate_agent,https://ramenskoye.cian.ru/sale/suburban/300617239/,Раменское,sale,suburban,land-plot,3600000,-1,-1,-1,ИЖС,-1,-1,-1,-1,-1,-1,-1,79175214985,р-н Северный,м. Ипподром,улица Степана,,2024-04-22
Яищу,real_estate_agent,https://ramenskoye.cian.ru/sale/suburban/300509779/,Раменское,sale,suburban,land-plot,2100000,-1,-1,-1,ИЖС,-1,-1,-1,-1,-1,-1,-1,79639696534,р-н Северный,м. Ипподром,улица Брусничная,,2024-04-22
МОИС,real_estate_agent,https://ramenskoye.cian.ru/sale/suburban/300072248/,Раменское,sale,suburban,land-plot,2500000,-1,-1,-1,ИЖС,-1,-1,-1,-1,-1,-1,-1,79652687214,р-н Северный,м. Ипподром,улица Июльская,,2024-04-22
ID 97763623,homeowner,https://ramenskoye.cian.ru/sale/suburban/294310727/,Раменское,sale,suburban,land-plot,3450000,-1,-1,-1,ИЖС,-1,-1,-1,-1,-1,-1,-1,79175664901,р-н Северный,м. Раменское,,,2024-04-22
АЗБУКА НЕДВИЖИМОСТИ,real_estate_agent,https://ramenskoye.cian.ru/sale/suburban/300187494/,Раменское,sale,suburban,land-plot,4200000,-1,-1,-1,ИЖС,-1,-1,-1,-1,-1,-1,-1,79651342137,,м. Ипподром,улица Дальняя,,2024-04-22
ID 114732195,homeowner,https://ramenskoye.cian.ru/sale/suburban/300113345/,Раменское,sale,suburban,land-plot,4200000,-1,-1,-1,ИЖС,-1,-1,-1,-1,-1,-1,-1,79104350747,р-н Северный,м. Ипподром,улица Лунная,,2024-04-22
Кредит-Центр,real_estate_agent,https://ramenskoye.cian.ru/sale/suburban/296017480/,Раменское,sale,suburban,land-plot,7590000,-1,-1,-1,-1,-1,-1,-1,-1,-1,-1,-1,79623643251,р-н Северный,м. Ипподром,улица 2-я Серебряная,,2024-04-22
ГАРАНТ,real_estate_agent,https://ramenskoye.cian.ru/sale/suburban/299539329/,Раменское,sale,suburban,land-plot,1113300,-1,-1,-1,Фермерское хоз-во,-1,-1,-1,-1,-1,-1,-1,79892034803,р-н Северный,м. Ипподром,,,2024-04-22
Михаил Мальцев,realtor,https://ramenskoye.cian.ru/sale/suburban/296071632/,Раменское,sale,suburban,land-plot,8500000,-1,-1,-1,ИЖС,-1,-1,-1,-1,-1,-1,-1,79623610161,р-н Северный,м. Ипподром,улица Раменье,3,2024-04-22
ГАРАНТ,real_estate_agent,https://ramenskoye.cian.ru/sale/suburban/299498203/,Раменское,sale,suburban,land-plot,1113250,-1,-1,-1,Фермерское хоз-во,-1,-1,-1,-1,-1,-1,-1,79801310702,р-н Северный,м. Ипподром,,,2024-04-22
Алексей Костин,realtor,https://ramenskoye.cian.ru/sale/suburban/287474617/,Раменское,sale,suburban,land-plot,3800000,-1,-1,-1,ИЖС,-1,-1,-1,-1,-1,-1,-1,79661785793,р-н Северный,,,,2024-04-22
Владис Новый Город,real_estate_agent,https://ramenskoye.cian.ru/sale/suburban/288042401/,Раменское,sale,suburban,land-plot,4360000,-1,-1,-1,ИЖС,-1,-1,-1,-1,-1,-1,-1,79647961038,р-н Северный,м. Ипподром,,,2024-04-22
АЛЬТЕРНАТИВА,real_estate_agent,https://ramenskoye.cian.ru/sale/suburban/300684382/,Раменское,sale,suburban,land-plot,7245000,-1,-1,-1,ИЖС,-1,-1,-1,-1,-1,-1,-1,79166742577,р-н Северный,м. Ипподром,улица Серебряная,,2024-04-22
Ольга Валевская,realtor,https://ramenskoye.cian.ru/sale/suburban/293146420/,Раменское,sale,suburban,land-plot,4500000,-1,-1,-1,ИЖС,-1,-1,-1,-1,-1,-1,-1,79104007258,р-н Северный,м. Раменское,,,2024-04-22
Елена Юхман,realtor,https://ramenskoye.cian.ru/sale/suburban/293373769/,Раменское,sale,suburban,land-plot,3600000,-1,-1,-1,ИЖС,-1,-1,-1,-1,-1,-1,-1,79660639543,р-н Северный,м. Раменское,улица Зимняя,,2024-04-22
ID 108170010,homeowner,https://ramenskoye.cian.ru/sale/suburban/293064429/,Раменское,sale,suburban,land-plot,3600000,-1,-1,-1,ИЖС,-1,-1,-1,-1,-1,-1,-1,79057528325,р-н Северный,,,,2024-04-22
Кредит-Центр Недвижимость,real_estate_agent,https://ramenskoye.cian.ru/sale/suburban/300508881/,Раменское,sale,suburban,land-plot,2200000,-1,-1,-1,ИЖС,-1,-1,-1,-1,-1,-1,-1,79660588922,р-н Северный,м. Раменское,,,2024-04-22
ID 114461681,homeowner,https://ramenskoye.cian.ru/sale/suburban/299818856/,Раменское,sale,suburban,land-plot,2600000,-1,-1,-1,ИЖС,-1,-1,-1,-1,-1,-1,-1,79197256012,р-н Северный,,,,2024-04-22
Этажи Москва,real_estate_agent,https://ramenskoye.cian.ru/sale/suburban/298373575/,Раменское,sale,suburban,land-plot,4100000,-1,-1,-1,ИЖС,-1,-1,-1,-1,-1,-1,-1,79645368456,,м. Ипподром,улица Дальняя,23,2024-04-22
АЗБУКА НЕДВИЖИМОСТИ,real_estate_agent,https://ramenskoye.cian.ru/sale/suburban/300188788/,Раменское,sale,suburban,land-plot,2800000,-1,-1,-1,Садоводство,-1,-1,-1,-1,-1,-1,-1,79651342137,р-н Северный,м. Ипподром,улица Лазурная,,2024-04-22
Михаил Мальцев,realtor,https://ramenskoye.cian.ru/sale/suburban/300639965/,Раменское,sale,suburban,land-plot,2500000,-1,-1,-1,ИЖС,-1,-1,-1,-1,-1,-1,-1,79623610161,р-н Северный,м. Раменское,улица Мартовская,,2024-04-22
Владис Новый Город,real_estate_agent,https://ramenskoye.cian.ru/sale/suburban/297172526/,Раменское,sale,suburban,land-plot,2000000,-1,-1,-1,ИЖС,-1,-1,-1,-1,-1,-1,-1,79647961038,р-н Северный,м. Ипподром,,,2024-04-22
Владис Новый Город,real_estate_agent,https://ramenskoye.cian.ru/sale/suburban/297903893/,Раменское,sale,suburban,land-plot,3450000,-1,-1,-1,ИЖС,-1,-1,-1,-1,-1,-1,-1,79647961038,р-н Северный,м. Раменское,,,2024-04-22
ГАРАНТ,real_estate_agent,https://ramenskoye.cian.ru/sale/suburban/298848862/,Раменское,sale,suburban,land-plot,4150000,-1,-1,-1,ИЖС,-1,-1,-1,-1,-1,-1,-1,79801310702,р-н Северный,м. Ипподром,улица Новой Жизни,,2024-04-22
ДОМУС,real_estate_agent,https://ramenskoye.cian.ru/sale/suburban/299775202/,Раменское,sale,suburban,land-plot,4200000,-1,-1,-1,ИЖС,-1,-1,-1,-1,-1,-1,-1,79855442174,,м. Ипподром,улица Дальняя,,2024-04-22
Владис Новый Город,real_estate_agent,https://ramenskoye.cian.ru/sale/suburban/299614641/,Раменское,sale,suburban,land-plot,2950000,-1,-1,-1,ИЖС,-1,-1,-1,-1,-1,-1,-1,79647961038,р-н Северный,м. Ипподром,,,2024-04-22
АЛЬТЕРНАТИВА,real_estate_agent,https://ramenskoye.cian.ru/sale/suburban/300461691/,Раменское,sale,suburban,land-plot,2200000,-1,-1,-1,ИЖС,-1,-1,-1,-1,-1,-1,-1,79166742577,р-н Северный,м. Есенинская,улица Брусничная,,2024-04-22
ГАРАНТ,real_estate_agent,https://ramenskoye.cian.ru/sale/suburban/298848859/,Раменское,sale,suburban,land-plot,3450000,-1,-1,-1,ИЖС,-1,-1,-1,-1,-1,-1,-1,79801310702,р-н Северный,м. Раменское,улица Суворова,,2024-04-22
Яищу,real_estate_agent,https://ramenskoye.cian.ru/sale/suburban/300108203/,Раменское,sale,suburban,land-plot,3200000,-1,-1,-1,-1,-1,-1,-1,-1,-1,-1,-1,79853026973,р-н Северный,м. Ипподром,улица Степана,,2024-04-22
ГАРАНТ,real_estate_agent,https://ramenskoye.cian.ru/sale/suburban/298848869/,Раменское,sale,suburban,land-plot,4350000,-1,-1,-1,ИЖС,-1,-1,-1,-1,-1,-1,-1,79801310702,,м. Ипподром,улица Дальняя,4,2024-04-22
ДОМУС,real_estate_agent,https://ramenskoye.cian.ru/sale/suburban/295726077/,Раменское,sale,suburban,land-plot,3700000,-1,-1,-1,-1,-1,-1,-1,-1,-1,-1,-1,79855442174,р-н Северный,м. Ипподром,улица Осенняя,,2024-04-22
Кредит-Центр,real_estate_agent,https://ramenskoye.cian.ru/sale/suburban/296017452/,Раменское,sale,suburban,land-plot,6228000,-1,-1,-1,-1,-1,-1,-1,-1,-1,-1,-1,79623643251,р-н Северный,м. Ипподром,улица 2-я Серебряная,,2024-04-22
Владис Новый Город,real_estate_agent,https://ramenskoye.cian.ru/sale/suburban/297005634/,Раменское,sale,suburban,land-plot,2150000,-1,-1,-1,ИЖС,-1,-1,-1,-1,-1,-1,-1,79647961038,,м. Ипподром,улица Дальняя,,2024-04-22
Яищу,real_estate_agent,https://ramenskoye.cian.ru/sale/suburban/291189209/,Раменское,sale,suburban,land-plot,3600000,-1,-1,-1,ЛПХ,-1,-1,-1,-1,-1,-1,-1,79850402830,р-н Северный,м. Ипподром,улица Осенняя,,2024-04-22
МОИС,real_estate_agent,https://ramenskoye.cian.ru/sale/suburban/299772495/,Раменское,sale,suburban,land-plot,9500000,-1,-1,-1,ИЖС,-1,-1,-1,-1,-1,-1,-1,79652687214,р-н Северный,м. Ипподром,улица Июльская,,2024-04-22
МОИС,real_estate_agent,https://ramenskoye.cian.ru/sale/suburban/299773015/,Раменское,sale,suburban,land-plot,7200000,-1,-1,-1,ИЖС,-1,-1,-1,-1,-1,-1,-1,79652687214,р-н Северный,м. Ипподром,улица Июльская,,2024-04-22
Владис Новый Город,real_estate_agent,https://ramenskoye.cian.ru/sale/suburban/299645421/,Раменское,sale,suburban,land-plot,2850000,-1,-1,-1,ИЖС,-1,-1,-1,-1,-1,-1,-1,79647961038,р-н Северный,м. Ипподром,,,2024-04-22
Ольга Валевская,realtor,https://ramenskoye.cian.ru/sale/suburban/293884747/,Раменское,sale,suburban,land-plot,3100000,-1,-1,-1,ИЖС,-1,-1,-1,-1,-1,-1,-1,79104007258,р-н Северный,м. Ипподром,,,2024-04-22
МОИС,real_estate_agent,https://ramenskoye.cian.ru/sale/suburban/299773181/,Раменское,sale,suburban,land-plot,4800000,-1,-1,-1,ИЖС,-1,-1,-1,-1,-1,-1,-1,79652687214,р-н Северный,м. Ипподром,улица Июльская,,2024-04-22
Авеню,real_estate_agent,https://ramenskoye.cian.ru/sale/suburban/292378975/,Раменское,sale,suburban,land-plot,8500000,-1,Деревянный,7 сот.,-1,-1,-1,-1,-1,-1,140 м²,2,79851485134,,,,,2024-04-22
Светлана Квашнина,realtor,https://ramenskoye.cian.ru/sale/suburban/300710071/,Раменское,sale,suburban,land-plot,7500000,-1,Деревянный,5 сот.,-1,-1,-1,-1,-1,-1,65 м²,1,79857518035,,,улица Овражная,30,2024-04-22
Этажи Москва,real_estate_agent,https://ramenskoye.cian.ru/sale/suburban/299180227/,Раменское,sale,suburban,land-plot,2500000,-1,-1,-1,Садоводство,-1,-1,-1,-1,-1,-1,-1,79645657258,,,,,2024-04-22
Екатерина Шаталина,realtor,https://ramenskoye.cian.ru/sale/suburban/292370243/,Раменское,sale,suburban,land-plot,8990000,-1,Деревянный,20 сот.,-1,-1,-1,-1,-1,-1,90 м²,1,79661909304,,,Лесная улица,4,2024-04-22
KASKAD Real Estate,real_estate_agent,https://ramenskoye.cian.ru/sale/suburban/298145274/,Раменское,sale,suburban,townhouse,22500000,2008,Газобетонный блок,2 сот.,-1,-1,-1,-1,-1,-1,200 м²,3,79660640753,р-н Северный,,улица Молодежная,6,2024-04-22
ДОМУС,real_estate_agent,https://ramenskoye.cian.ru/sale/suburban/294066039/,Раменское,sale,suburban,townhouse,9950000,-1,Пенобетонный блок,4 сот.,-1,-1,-1,-1,-1,-1,110 м²,2,79660563261,,м. Ипподром,улица Михалевича,84,2024-04-22
Кредит-Центр Недвижимость,real_estate_agent,https://ramenskoye.cian.ru/sale/suburban/299130442/,Раменское,sale,suburban,townhouse,14250000,2023,Кирпичный,3 сот.,-1,-1,-1,-1,-1,-1,180 м²,2,79660588922,р-н Северный,м. Выхино,улица Семейная,10,2024-04-22
ДОМУС,real_estate_agent,https://ramenskoye.cian.ru/sale/suburban/291119935/,Раменское,sale,suburban,townhouse,8200000,-1,Пенобетонный блок,"4,4 сот.",-1,-1,-1,-1,-1,-1,77 м²,2,79660563261,р-н Северный,,улица Ладная,16,2024-04-22
Простор-недвижимость,real_estate_agent,https://ramenskoye.cian.ru/sale/suburban/299889911/,Раменское,sale,suburban,townhouse,11320000,2020,Кирпичный,2 сот.,-1,-1,-1,-1,-1,-1,190 м²,3,79647823301,р-н Северный,м. Ипподром,улица Владимирская,10,2024-04-22
Homeapp,real_estate_agent,https://ramenskoye.cian.ru/sale/suburban/287574945/,Раменское,sale,suburban,townhouse,16300000,-1,Пенобетонный блок,3 сот.,-1,-1,-1,-1,-1,-1,150 м²,3,79660531406,р-н Залинейный,м. Котельники,Десантная улица,55Б,2024-04-22
АЯКС Воскресенск,real_estate_agent,https://ramenskoye.cian.ru/sale/suburban/299333422/,Раменское,sale,suburban,townhouse,14249000,-1,Монолитный,4 сот.,-1,-1,-1,-1,-1,-1,179 м²,2,79099968363,р-н Северный,м. Ипподром,улица Молодежная,12,2024-04-22
ДОМУС,real_estate_agent,https://ramenskoye.cian.ru/sale/suburban/298805144/,Раменское,sale,suburban,townhouse,22950000,-1,Кирпичный,2 сот.,-1,-1,-1,-1,-1,-1,"137,6 м²",3,79660563261,р-н Северный,м. Ипподром,улица Молодежная,6,2024-04-22
ID 105106080,homeowner,https://ramenskoye.cian.ru/sale/suburban/289835440/,Раменское,sale,suburban,townhouse,20990000,2013,Монолитный,6 сот.,-1,-1,-1,-1,-1,-1,150 м²,2,79854456242,р-н Залинейный,,Десантная улица,55А,2024-04-22
Владис Новый Город,real_estate_agent,https://ramenskoye.cian.ru/sale/suburban/291093479/,Раменское,sale,suburban,townhouse,20990000,2013,Газосиликатный блок,6 сот.,-1,-1,-1,-1,-1,-1,150 м²,2,79647961038,р-н Залинейный,м. Фабричная,Десантная улица,55А,2024-04-22
Азбука Жилья,real_estate_agent,https://ramenskoye.cian.ru/sale/suburban/298323400/,Раменское,sale,suburban,townhouse,10998000,-1,Монолитно-кирпичный,6 сот.,-1,-1,-1,-1,-1,-1,"188,7 м²",2,79651235815,,,улица 2-я Сиреневая,6,2024-04-22
Кредит-Центр Недвижимость,real_estate_agent,https://ramenskoye.cian.ru/sale/suburban/297894799/,Раменское,sale,suburban,townhouse,12990000,2022,Деревянный,12 сот.,-1,-1,-1,-1,-1,-1,109 м²,1,79660588922,,,м. Лермонтовский проспект,,2024-04-22
